,home_team,away_team,result,goals_h,goals_a,round,ball_poss_h,ball_poss_a,goal_attempts_h,goal_attempts_a,shots_on_h,shots_on_a,shots_off_h,shots_off_a,shots_blocked_h,shots_blocked_a,free_kicks_h,free_kicks_a,corner_kicks_h,corner_kicks_a,offsides_h,offsides_a,thorw-in_h,thorw-in_a,goalkeeper_saves_h,goalkeeper_saves_a,fouls_h,fouls_a,yellow_h,yellow_a,red_h,red_a,passes_h,passes_a,passes_completed_h,passes_completed_a,tackles_h,tackles_a,attacks_h,attacks_a,attacks_dang_h,attacks_dang_a,odds_avg_h,odds_avg_a,odds_avg_d,date
295,Wisła Płock,Lechia Gdańsk,A,0,2,1,48%,52%,8.0,16.0,3.0,7.0,5.0,9.0,,,,,3.0,4.0,0.0,0.0,,,5.0,3.0,10.0,12.0,1.0,0.0,1.0,2.0,,,,,,,113.0,138.0,51.0,68.0,3.55,2.1,3.15,2017-07-14
237,Pogoń Szczecin,Wisła Kraków,A,1,2,1,46%,54%,7.0,6.0,4.0,3.0,3.0,3.0,,,,,3.0,6.0,1.0,0.0,,,1.0,3.0,21.0,20.0,,,1.0,2.0,,,,,,,119.0,123.0,47.0,55.0,2.4,2.95,3.15,2017-07-14
235,Górnik Zabrze,Legia Warszawa,H,3,1,1,46%,54%,16.0,10.0,6.0,7.0,10.0,3.0,,,,,5.0,11.0,4.0,2.0,,,6.0,3.0,24.0,11.0,,,2.0,2.0,,,,,,,91.0,102.0,56.0,97.0,4.75,1.66,3.8,2017-07-15
236,Cracovia,Piast Gliwice,D,1,1,1,45%,55%,6.0,12.0,1.0,3.0,5.0,9.0,,,,,2.0,3.0,2.0,0.0,,,2.0,0.0,14.0,11.0,,,3.0,3.0,,,,,,,62.0,88.0,38.0,57.0,2.2,3.15,3.3,2017-07-15
232,Lech Poznań,Sandecja Nowy Sącz,D,0,0,1,49%,51%,14.0,11.0,8.0,7.0,6.0,4.0,,,18.0,18.0,8.0,4.0,3.0,2.0,0.0,19.0,7.0,8.0,15.0,16.0,,,1.0,2.0,,,,,,,132.0,85.0,77.0,43.0,1.4,7.7,4.45,2017-07-16
233,Arka Gdynia,Śląsk Wrocław,H,2,0,1,48%,52%,12.0,12.0,6.0,3.0,6.0,9.0,,,17.0,19.0,5.0,9.0,0.0,1.0,22.0,33.0,3.0,4.0,19.0,16.0,,,2.0,2.0,,,,,,,86.0,94.0,51.0,52.0,2.65,2.65,3.15,2017-07-16
234,Bruk-Bet T.,Jagiellonia Białystok,A,0,1,1,53%,47%,4.0,6.0,1.0,2.0,3.0,4.0,,,9.0,15.0,6.0,2.0,4.0,0.0,37.0,20.0,1.0,1.0,11.0,8.0,,,0.0,1.0,,,,,,,115.0,103.0,75.0,48.0,2.7,2.65,3.12,2017-07-16
231,Korona Kielce,Zagłębie Lubin,A,0,1,1,49%,51%,19.0,10.0,8.0,6.0,11.0,4.0,,,20.0,13.0,4.0,0.0,0.0,3.0,34.0,37.0,5.0,8.0,14.0,17.0,,,1.0,3.0,,,,,,,125.0,105.0,96.0,64.0,3.2,2.22,3.2,2017-07-17
230,Wisła Kraków,Bruk-Bet T.,H,1,0,2,52%,48%,10.0,11.0,5.0,5.0,5.0,6.0,,,18.0,16.0,5.0,2.0,1.0,1.0,27.0,20.0,5.0,4.0,16.0,17.0,,,7.0,4.0,,,,,,,123.0,87.0,69.0,54.0,1.71,4.7,3.6,2017-07-21
294,Sandecja Nowy Sącz,Arka Gdynia,D,0,0,2,48%,52%,6.0,7.0,4.0,5.0,2.0,2.0,,,0.0,12.0,4.0,3.0,1.0,0.0,34.0,32.0,5.0,4.0,11.0,15.0,,,1.0,0.0,,,,,,,103.0,111.0,71.0,68.0,2.4,2.98,3.15,2017-07-21
227,Legia Warszawa,Korona Kielce,D,1,1,2,50%,50%,11.0,13.0,6.0,6.0,5.0,7.0,,,14.0,13.0,9.0,7.0,2.0,2.0,28.0,28.0,5.0,5.0,12.0,12.0,,,0.0,2.0,,,,,,,78.0,73.0,72.0,54.0,1.27,10.5,5.5,2017-07-22
229,Piast Gliwice,Pogoń Szczecin,A,1,2,2,54%,46%,7.0,8.0,2.0,5.0,5.0,3.0,,,19.0,8.0,2.0,5.0,0.0,0.0,21.0,26.0,3.0,1.0,8.0,17.0,,,,,,,,,,,99.0,71.0,55.0,45.0,2.15,3.35,3.2,2017-07-22
228,Lechia Gdańsk,Cracovia,A,0,1,2,54%,46%,12.0,5.0,5.0,3.0,7.0,2.0,,,24.0,17.0,9.0,5.0,3.0,3.0,50.0,23.0,2.0,5.0,15.0,19.0,,,1.0,5.0,,,,,,,97.0,65.0,76.0,51.0,1.57,6.1,3.8,2017-07-22
225,Jagiellonia Białystok,Górnik Zabrze,H,2,1,2,55%,45%,11.0,8.0,8.0,6.0,3.0,2.0,,,23.0,19.0,8.0,3.0,4.0,1.0,22.0,27.0,5.0,6.0,16.0,24.0,0.0,2.0,1.0,6.0,,,,,,,82.0,69.0,70.0,41.0,1.8,4.3,3.55,2017-07-23
226,Wisła Płock,Lech Poznań,H,1,0,2,44%,56%,6.0,5.0,4.0,1.0,2.0,4.0,,,9.0,18.0,2.0,7.0,0.0,2.0,24.0,30.0,1.0,3.0,19.0,9.0,0.0,1.0,4.0,1.0,,,,,,,98.0,91.0,34.0,63.0,3.55,2.0,3.4,2017-07-23
224,Zagłębie Lubin,Śląsk Wrocław,H,1,0,2,51%,49%,5.0,8.0,3.0,3.0,2.0,5.0,,,,,5.0,5.0,2.0,3.0,,,3.0,2.0,16.0,16.0,1.0,0.0,4.0,1.0,,,,,,,110.0,148.0,66.0,103.0,2.1,3.55,3.25,2017-07-24
223,Śląsk Wrocław,Lechia Gdańsk,H,3,2,3,48%,52%,14.0,8.0,7.0,3.0,7.0,5.0,,,14.0,15.0,3.0,5.0,0.0,2.0,17.0,18.0,1.0,4.0,15.0,12.0,,,3.0,3.0,,,,,,,97.0,108.0,44.0,57.0,2.92,2.45,3.2,2017-07-28
293,Bruk-Bet T.,Zagłębie Lubin,D,1,1,3,47%,53%,5.0,5.0,3.0,2.0,2.0,3.0,,,16.0,21.0,3.0,4.0,1.0,1.0,30.0,26.0,1.0,2.0,20.0,15.0,,,2.0,1.0,,,,,,,129.0,135.0,48.0,54.0,2.75,2.65,3.15,2017-07-28
222,Legia Warszawa,Sandecja Nowy Sącz,H,2,0,3,66%,34%,18.0,2.0,8.0,1.0,10.0,1.0,,,20.0,10.0,8.0,1.0,2.0,2.0,39.0,19.0,1.0,6.0,8.0,18.0,0.0,1.0,,,,,,,,,54.0,31.0,41.0,11.0,1.45,6.75,4.3,2017-07-29
221,Górnik Zabrze,Wisła Kraków,H,3,2,3,46%,54%,10.0,13.0,4.0,4.0,6.0,9.0,,,22.0,12.0,3.0,6.0,0.0,3.0,23.0,21.0,2.0,1.0,12.0,19.0,,,0.0,4.0,,,,,,,,,,,2.85,2.5,3.15,2017-07-29
218,Lech Poznań,Piast Gliwice,H,5,1,3,56%,44%,18.0,5.0,14.0,4.0,4.0,1.0,,,7.0,12.0,12.0,2.0,0.0,0.0,25.0,21.0,3.0,9.0,12.0,7.0,,,0.0,1.0,,,,,,,,,,,1.7,5.2,3.6,2017-07-30
220,Pogoń Szczecin,Jagiellonia Białystok,A,0,1,3,49%,51%,8.0,5.0,3.0,2.0,5.0,3.0,,,12.0,14.0,4.0,5.0,3.0,1.0,16.0,27.0,1.0,3.0,11.0,11.0,0.0,1.0,2.0,2.0,,,,,,,,,,,2.65,2.75,3.1,2017-07-30
219,Arka Gdynia,Wisła Płock,D,1,1,3,56%,44%,9.0,4.0,2.0,1.0,7.0,3.0,,,10.0,22.0,8.0,4.0,1.0,0.0,31.0,24.0,0.0,1.0,21.0,10.0,,,4.0,2.0,,,,,,,,,,,2.45,2.87,3.15,2017-07-30
217,Korona Kielce,Cracovia,H,4,2,3,56%,44%,11.0,5.0,6.0,3.0,5.0,2.0,,,18.0,14.0,10.0,6.0,0.0,1.0,23.0,13.0,1.0,2.0,14.0,17.0,,,1.0,2.0,,,,,,,119.0,104.0,70.0,68.0,2.25,3.25,3.2,2017-07-31
216,Wisła Płock,Wisła Kraków,A,0,1,4,58%,42%,14.0,8.0,3.0,4.0,11.0,4.0,,,,,4.0,9.0,0.0,1.0,,,3.0,3.0,12.0,13.0,,,0.0,2.0,,,,,,,0.0,0.0,0.0,0.0,3.05,2.3,3.2,2017-08-04
292,Piast Gliwice,Śląsk Wrocław,D,1,1,4,58%,42%,19.0,7.0,7.0,1.0,12.0,6.0,,,,,4.0,4.0,2.0,1.0,,,0.0,6.0,18.0,16.0,,,2.0,3.0,,,,,,,0.0,0.0,0.0,0.0,2.65,2.7,3.15,2017-08-04
213,Bruk-Bet T.,Legia Warszawa,H,1,0,4,40%,60%,10.0,9.0,4.0,2.0,6.0,7.0,,,,,3.0,5.0,1.0,3.0,,,2.0,3.0,17.0,7.0,,,3.0,2.0,,,,,,,0.0,0.0,0.0,0.0,4.7,1.75,3.65,2017-08-05
214,Zagłębie Lubin,Pogoń Szczecin,H,3,0,4,44%,56%,18.0,8.0,12.0,3.0,6.0,5.0,,,,,6.0,6.0,3.0,0.0,,,3.0,9.0,12.0,14.0,,,2.0,2.0,,,,,,,0.0,0.0,0.0,0.0,2.15,3.55,3.2,2017-08-05
215,Lechia Gdańsk,Górnik Zabrze,D,1,1,4,65%,35%,8.0,11.0,3.0,4.0,5.0,7.0,,,,,5.0,7.0,2.0,2.0,,,3.0,2.0,15.0,23.0,,,3.0,3.0,,,,,,,0.0,0.0,0.0,0.0,1.72,5.0,3.7,2017-08-05
211,Cracovia,Lech Poznań,A,0,2,4,40%,60%,8.0,10.0,1.0,5.0,7.0,5.0,,,,,3.0,4.0,1.0,1.0,,,3.0,1.0,11.0,12.0,,,2.0,4.0,,,,,,,0.0,0.0,0.0,0.0,3.35,2.15,3.25,2017-08-06
212,Jagiellonia Białystok,Sandecja Nowy Sącz,A,1,3,4,60%,40%,14.0,10.0,4.0,4.0,10.0,6.0,,,,,6.0,2.0,2.0,2.0,,,1.0,3.0,15.0,12.0,,,2.0,0.0,,,,,,,0.0,0.0,0.0,0.0,1.62,5.7,3.7,2017-08-06
210,Arka Gdynia,Korona Kielce,D,0,0,4,42%,58%,10.0,17.0,1.0,6.0,9.0,11.0,,,,,2.0,5.0,1.0,1.0,,,6.0,1.0,19.0,13.0,1.0,0.0,4.0,1.0,,,,,,,0.0,0.0,0.0,0.0,2.2,3.2,3.25,2017-08-07
291,Legia Warszawa,Piast Gliwice,H,3,1,5,58%,42%,10.0,7.0,5.0,3.0,5.0,4.0,,,,,7.0,5.0,1.0,1.0,,,2.0,2.0,19.0,12.0,,,2.0,4.0,,,,,,,0.0,0.0,0.0,0.0,1.51,5.4,4.2,2017-08-11
209,Sandecja Nowy Sącz,Wisła Płock,A,0,1,5,53%,47%,10.0,10.0,1.0,4.0,9.0,6.0,,,,,7.0,3.0,0.0,0.0,,,3.0,1.0,16.0,19.0,,,3.0,2.0,,,,,,,0.0,0.0,0.0,0.0,2.32,2.95,3.15,2017-08-12
208,Lech Poznań,Zagłębie Lubin,D,1,1,5,55%,45%,12.0,9.0,4.0,3.0,8.0,6.0,,,,,6.0,5.0,0.0,1.0,,,2.0,3.0,10.0,15.0,,,2.0,1.0,,,,,,,0.0,0.0,0.0,0.0,1.78,4.3,3.55,2017-08-12
207,Wisła Kraków,Cracovia,H,2,1,5,59%,41%,12.0,15.0,4.0,5.0,8.0,10.0,,,,,6.0,3.0,2.0,1.0,,,4.0,2.0,20.0,13.0,0.0,1.0,1.0,3.0,,,,,,,0.0,0.0,0.0,0.0,1.78,4.25,3.6,2017-08-12
206,Górnik Zabrze,Arka Gdynia,D,1,1,5,46%,54%,12.0,13.0,6.0,4.0,6.0,9.0,,,,,6.0,9.0,2.0,1.0,,,3.0,5.0,15.0,19.0,,,1.0,3.0,,,,,,,0.0,0.0,0.0,0.0,2.0,3.65,3.3,2017-08-13
205,Korona Kielce,Jagiellonia Białystok,A,2,3,5,55%,45%,15.0,9.0,5.0,5.0,10.0,4.0,,,,,1.0,4.0,3.0,3.0,,,2.0,3.0,14.0,15.0,,,0.0,4.0,,,,,,,0.0,0.0,0.0,0.0,2.6,2.6,3.2,2017-08-13
204,Pogoń Szczecin,Lechia Gdańsk,D,0,0,5,56%,44%,12.0,7.0,5.0,2.0,7.0,5.0,,,,,12.0,3.0,5.0,3.0,,,2.0,5.0,13.0,19.0,,,4.0,1.0,,,,,,,0.0,0.0,0.0,0.0,2.65,2.65,3.05,2017-08-14
203,Śląsk Wrocław,Bruk-Bet T.,D,1,1,5,48%,52%,9.0,12.0,7.0,6.0,2.0,6.0,,,,,5.0,6.0,4.0,3.0,,,5.0,6.0,11.0,14.0,,,1.0,0.0,,,,,,,,,,,1.9,3.95,3.25,2017-08-15
202,Cracovia,Górnik Zabrze,D,3,3,6,51%,49%,17.0,19.0,7.0,12.0,10.0,7.0,,,,,3.0,7.0,0.0,1.0,,,9.0,4.0,15.0,19.0,0.0,1.0,3.0,7.0,,,,,,,0.0,0.0,0.0,0.0,2.3,3.0,3.25,2017-08-18
290,Lechia Gdańsk,Sandecja Nowy Sącz,A,2,3,6,65%,35%,18.0,12.0,5.0,4.0,13.0,8.0,,,,,9.0,4.0,2.0,0.0,,,1.0,3.0,14.0,17.0,,,2.0,3.0,,,,,,,149.0,115.0,102.0,76.0,1.62,5.7,3.7,2017-08-18
199,Jagiellonia Białystok,Śląsk Wrocław,D,1,1,6,50%,50%,11.0,8.0,4.0,2.0,7.0,6.0,,,,,5.0,6.0,5.0,0.0,,,1.0,3.0,13.0,14.0,,,3.0,3.0,,,,,,,102.0,93.0,86.0,59.0,1.67,4.75,3.7,2017-08-19
201,Arka Gdynia,Pogoń Szczecin,A,0,3,6,39%,61%,7.0,8.0,2.0,3.0,5.0,5.0,,,,,4.0,3.0,2.0,1.0,,,2.0,2.0,11.0,13.0,,,2.0,3.0,,,,,,,94.0,102.0,50.0,48.0,2.5,2.95,3.05,2017-08-19
200,Piast Gliwice,Korona Kielce,H,2,0,6,38%,62%,11.0,11.0,6.0,1.0,5.0,10.0,,,,,4.0,6.0,4.0,1.0,,,1.0,4.0,18.0,12.0,,,4.0,4.0,,,,,,,86.0,125.0,42.0,80.0,2.25,3.1,3.25,2017-08-19
198,Wisła Płock,Legia Warszawa,A,0,1,6,63%,37%,9.0,10.0,3.0,5.0,6.0,5.0,,,,,8.0,1.0,1.0,1.0,,,4.0,3.0,19.0,14.0,,,0.0,2.0,,,,,,,90.0,70.0,41.0,39.0,3.3,2.1,3.45,2017-08-20
197,Bruk-Bet T.,Lech Poznań,A,1,3,6,44%,56%,7.0,14.0,1.0,4.0,6.0,10.0,,,,,2.0,2.0,2.0,2.0,,,1.0,1.0,14.0,6.0,,,3.0,2.0,,,,,,,93.0,87.0,48.0,75.0,3.7,2.0,3.4,2017-08-20
196,Zagłębie Lubin,Wisła Kraków,H,3,0,6,41%,59%,13.0,16.0,6.0,7.0,7.0,9.0,,,,,4.0,6.0,1.0,2.0,,,7.0,3.0,15.0,10.0,,,1.0,1.0,,,,,,,103.0,109.0,46.0,72.0,2.45,2.85,3.22,2017-08-21
195,Śląsk Wrocław,Cracovia,H,2,1,7,65%,35%,17.0,10.0,8.0,4.0,9.0,6.0,,,,,5.0,4.0,1.0,0.0,,,3.0,6.0,16.0,12.0,,,1.0,5.0,,,,,,,120.0,98.0,63.0,49.0,2.28,3.1,3.3,2017-08-25
289,Górnik Zabrze,Wisła Płock,H,4,0,7,44%,56%,15.0,11.0,7.0,6.0,8.0,5.0,,,,,8.0,7.0,3.0,1.0,,,6.0,3.0,17.0,12.0,0.0,1.0,0.0,4.0,,,,,,,97.0,124.0,61.0,63.0,2.17,3.4,3.25,2017-08-25
194,Korona Kielce,Bruk-Bet T.,H,2,1,7,46%,54%,13.0,13.0,7.0,3.0,6.0,10.0,,,,,4.0,4.0,1.0,1.0,,,2.0,5.0,12.0,14.0,,,0.0,4.0,,,,,,,101.0,109.0,70.0,72.0,2.2,3.15,3.25,2017-08-26
192,Wisła Kraków,Lechia Gdańsk,D,1,1,7,42%,58%,10.0,9.0,7.0,6.0,3.0,3.0,,,,,6.0,3.0,4.0,0.0,,,5.0,6.0,21.0,20.0,,,4.0,4.0,,,,,,,71.0,81.0,72.0,67.0,2.25,3.1,3.25,2017-08-26
193,Jagiellonia Białystok,Piast Gliwice,A,0,1,7,64%,36%,20.0,13.0,5.0,6.0,15.0,7.0,,,,,5.0,3.0,4.0,1.0,,,5.0,5.0,7.0,13.0,,,1.0,2.0,,,,,,,101.0,66.0,51.0,35.0,1.65,5.9,3.4,2017-08-26
189,Legia Warszawa,Zagłębie Lubin,H,2,1,7,43%,57%,9.0,10.0,4.0,4.0,5.0,6.0,,,,,3.0,5.0,0.0,0.0,,,3.0,2.0,8.0,9.0,1.0,0.0,3.0,3.0,,,,,,,79.0,100.0,48.0,61.0,1.77,4.25,3.5,2017-08-27
191,Sandecja Nowy Sącz,Pogoń Szczecin,H,2,1,7,46%,54%,9.0,9.0,4.0,4.0,5.0,5.0,,,,,4.0,6.0,1.0,4.0,,,3.0,2.0,22.0,11.0,,,5.0,3.0,,,,,,,105.0,105.0,55.0,52.0,2.75,2.8,3.05,2017-08-27
190,Lech Poznań,Arka Gdynia,H,3,0,7,48%,52%,8.0,13.0,6.0,3.0,2.0,10.0,,,,,6.0,4.0,1.0,1.0,,,3.0,3.0,10.0,11.0,1.0,0.0,1.0,2.0,,,,,,,68.0,58.0,68.0,62.0,1.57,6.1,3.7,2017-08-27
288,Zagłębie Lubin,Wisła Płock,D,2,2,8,55%,45%,14.0,17.0,3.0,4.0,11.0,13.0,,,,,3.0,4.0,1.0,0.0,,,2.0,1.0,10.0,9.0,,,3.0,2.0,,,,,,,146.0,114.0,76.0,67.0,1.82,4.7,3.45,2017-09-08
188,Arka Gdynia,Wisła Kraków,H,3,1,8,43%,57%,16.0,12.0,6.0,7.0,10.0,5.0,,,,,5.0,5.0,0.0,3.0,,,6.0,3.0,24.0,13.0,,,4.0,2.0,,,,,,,110.0,102.0,66.0,52.0,2.95,2.55,3.15,2017-09-08
186,Śląsk Wrocław,Legia Warszawa,H,2,1,8,60%,40%,16.0,7.0,5.0,2.0,11.0,5.0,,,,,7.0,1.0,4.0,3.0,,,1.0,3.0,12.0,13.0,,,0.0,1.0,,,,,,,71.0,64.0,41.0,38.0,3.75,2.05,3.25,2017-09-09
187,Korona Kielce,Sandecja Nowy Sącz,H,1,0,8,61%,39%,19.0,5.0,6.0,1.0,13.0,4.0,,,,,6.0,3.0,5.0,3.0,,,1.0,5.0,12.0,18.0,,,2.0,1.0,,,,,,,90.0,71.0,63.0,34.0,2.12,3.7,3.2,2017-09-09
185,Cracovia,Jagiellonia Białystok,D,1,1,8,41%,59%,7.0,16.0,3.0,4.0,4.0,12.0,,,,,7.0,8.0,5.0,2.0,,,3.0,2.0,9.0,11.0,,,1.0,3.0,,,,,,,116.0,119.0,57.0,76.0,2.85,2.62,3.15,2017-09-09
184,Bruk-Bet T.,Górnik Zabrze,A,1,2,8,66%,34%,12.0,15.0,3.0,8.0,9.0,7.0,,,,,8.0,11.0,2.0,4.0,,,6.0,2.0,14.0,6.0,,,,,,,,,,,91.0,108.0,59.0,72.0,2.7,2.8,3.1,2017-09-10
183,Pogoń Szczecin,Lech Poznań,D,0,0,8,61%,39%,11.0,3.0,4.0,1.0,7.0,2.0,,,,,4.0,1.0,4.0,4.0,,,1.0,4.0,21.0,14.0,,,3.0,2.0,,,,,,,121.0,105.0,71.0,42.0,3.25,2.3,3.15,2017-09-10
182,Piast Gliwice,Lechia Gdańsk,A,1,2,8,51%,49%,10.0,7.0,5.0,5.0,5.0,2.0,,,,,5.0,5.0,4.0,2.0,,,3.0,4.0,20.0,16.0,0.0,1.0,1.0,6.0,,,,,,,94.0,88.0,76.0,64.0,2.75,2.7,3.1,2017-09-11
287,Arka Gdynia,Zagłębie Lubin,D,1,1,9,36%,64%,10.0,11.0,3.0,5.0,7.0,6.0,,,,,2.0,5.0,0.0,2.0,,,4.0,2.0,21.0,16.0,,,3.0,1.0,,,,,,,117.0,119.0,84.0,75.0,2.84,2.65,3.1,2017-09-15
181,Lech Poznań,Korona Kielce,H,1,0,9,53%,47%,11.0,15.0,2.0,6.0,9.0,9.0,,,,,6.0,6.0,1.0,0.0,,,6.0,1.0,16.0,22.0,,,2.0,4.0,,,,,,,109.0,102.0,46.0,59.0,1.7,4.65,4.0,2017-09-15
180,Wisła Płock,Pogoń Szczecin,H,3,1,9,43%,57%,14.0,6.0,6.0,1.0,8.0,5.0,,,,,6.0,3.0,1.0,1.0,,,0.0,3.0,13.0,18.0,,,3.0,4.0,,,,,,,99.0,114.0,64.0,55.0,2.75,2.85,3.1,2017-09-16
179,Górnik Zabrze,Śląsk Wrocław,D,2,2,9,40%,60%,19.0,11.0,11.0,3.0,8.0,8.0,,,,,7.0,1.0,4.0,1.0,,,2.0,9.0,15.0,16.0,,,1.0,2.0,,,,,,,102.0,102.0,59.0,49.0,2.3,3.35,3.15,2017-09-16
178,Wisła Kraków,Piast Gliwice,H,2,0,9,51%,49%,11.0,13.0,6.0,5.0,5.0,8.0,,,,,3.0,5.0,2.0,1.0,,,5.0,4.0,6.0,16.0,,,2.0,3.0,,,,,,,147.0,103.0,74.0,59.0,1.8,4.65,3.55,2017-09-16
177,Sandecja Nowy Sącz,Bruk-Bet T.,H,1,0,9,45%,55%,12.0,9.0,7.0,3.0,5.0,6.0,,,,,7.0,6.0,1.0,0.0,,,3.0,6.0,14.0,18.0,0.0,1.0,3.0,3.0,,,,,,,112.0,119.0,80.0,80.0,2.75,2.75,3.05,2017-09-17
176,Legia Warszawa,Cracovia,H,1,0,9,67%,33%,9.0,8.0,4.0,1.0,5.0,7.0,,,,,4.0,7.0,2.0,3.0,,,1.0,3.0,7.0,5.0,,,1.0,2.0,,,,,,,133.0,97.0,94.0,77.0,1.45,8.0,4.2,2017-09-17
175,Lechia Gdańsk,Jagiellonia Białystok,D,3,3,9,63%,37%,10.0,9.0,5.0,4.0,5.0,5.0,,,,,5.0,5.0,2.0,3.0,,,1.0,2.0,19.0,14.0,,,3.0,2.0,,,,,,,129.0,112.0,93.0,63.0,2.22,3.45,3.15,2017-09-18
286,Piast Gliwice,Arka Gdynia,A,0,1,10,66%,34%,10.0,12.0,2.0,2.0,8.0,10.0,,,,,3.0,3.0,2.0,0.0,,,1.0,2.0,11.0,13.0,,,3.0,1.0,,,,,,,134.0,103.0,66.0,55.0,2.3,3.35,3.15,2017-09-22
174,Śląsk Wrocław,Lech Poznań,H,2,0,10,43%,57%,16.0,2.0,6.0,1.0,10.0,1.0,,,,,3.0,5.0,2.0,2.0,,,1.0,4.0,11.0,22.0,,,4.0,3.0,,,,,,,11.0,15.0,9.0,9.0,3.0,2.5,3.2,2017-09-22
171,Korona Kielce,Wisła Kraków,H,2,1,10,55%,45%,15.0,4.0,5.0,1.0,10.0,3.0,,,,,8.0,5.0,0.0,1.0,,,0.0,3.0,13.0,16.0,,,1.0,2.0,,,,,,,98.0,87.0,71.0,54.0,2.5,3.05,3.1,2017-09-23
173,Bruk-Bet T.,Lechia Gdańsk,H,2,1,10,44%,56%,11.0,9.0,3.0,6.0,8.0,3.0,,,,,4.0,3.0,3.0,3.0,,,5.0,1.0,15.0,18.0,0.0,1.0,2.0,1.0,,,,,,,105.0,129.0,42.0,54.0,2.76,2.65,3.2,2017-09-23
172,Pogoń Szczecin,Górnik Zabrze,A,1,2,10,71%,29%,20.0,13.0,10.0,4.0,10.0,9.0,,,,,8.0,6.0,3.0,2.0,,,2.0,9.0,15.0,11.0,0.0,1.0,2.0,3.0,,,,,,,144.0,80.0,97.0,56.0,2.35,3.1,3.3,2017-09-23
170,Zagłębie Lubin,Sandecja Nowy Sącz,H,1,0,10,53%,47%,22.0,8.0,8.0,3.0,14.0,5.0,,,,,7.0,4.0,0.0,0.0,,,3.0,7.0,12.0,16.0,,,1.0,4.0,,,,,,,120.0,112.0,89.0,65.0,1.75,5.2,3.6,2017-09-24
169,Jagiellonia Białystok,Legia Warszawa,H,1,0,10,41%,59%,10.0,14.0,5.0,4.0,5.0,10.0,,,,,5.0,3.0,4.0,3.0,,,4.0,4.0,11.0,8.0,,,2.0,0.0,,,,,,,74.0,105.0,42.0,53.0,2.8,2.75,3.15,2017-09-24
168,Cracovia,Wisła Płock,A,1,3,10,41%,59%,14.0,12.0,7.0,8.0,7.0,4.0,,,,,3.0,7.0,1.0,2.0,,,5.0,6.0,11.0,16.0,,,2.0,2.0,,,,,,,122.0,106.0,74.0,52.0,2.35,3.25,3.15,2017-09-25
285,Sandecja Nowy Sącz,Śląsk Wrocław,D,1,1,11,47%,53%,12.0,10.0,5.0,5.0,7.0,5.0,,,,,3.0,6.0,3.0,7.0,,,4.0,4.0,15.0,24.0,,,2.0,1.0,,,,,,,123.0,111.0,80.0,61.0,2.95,2.55,3.1,2017-09-29
167,Arka Gdynia,Cracovia,D,1,1,11,56%,44%,19.0,12.0,5.0,3.0,14.0,9.0,,,,,9.0,4.0,0.0,3.0,,,2.0,4.0,23.0,8.0,,,4.0,2.0,,,,,,,85.0,93.0,72.0,42.0,2.07,3.55,3.35,2017-09-29
166,Lechia Gdańsk,Zagłębie Lubin,H,1,0,11,48%,52%,9.0,10.0,3.0,4.0,6.0,6.0,,,,,2.0,7.0,0.0,0.0,,,4.0,2.0,19.0,7.0,,,0.0,1.0,,,,,,,93.0,112.0,42.0,65.0,2.4,3.0,3.2,2017-09-30
165,Pogoń Szczecin,Korona Kielce,D,0,0,11,53%,47%,13.0,9.0,4.0,3.0,9.0,6.0,,,,,9.0,1.0,2.0,3.0,,,3.0,4.0,18.0,16.0,,,3.0,3.0,,,,,,,102.0,105.0,68.0,54.0,2.4,3.0,3.2,2017-09-30
164,Wisła Kraków,Jagiellonia Białystok,D,0,0,11,50%,50%,10.0,8.0,3.0,1.0,7.0,7.0,,,,,6.0,2.0,4.0,0.0,,,1.0,3.0,12.0,9.0,,,2.0,4.0,,,,,,,104.0,116.0,45.0,42.0,2.65,2.8,3.15,2017-09-30
163,Wisła Płock,Bruk-Bet T.,H,1,0,11,41%,59%,7.0,9.0,1.0,2.0,6.0,7.0,,,0.0,5.0,4.0,4.0,0.0,4.0,,,2.0,1.0,16.0,15.0,,,1.0,3.0,,,,,,,19.0,19.0,12.0,12.0,2.25,3.4,3.2,2017-10-01
162,Górnik Zabrze,Piast Gliwice,H,1,0,11,53%,47%,15.0,9.0,6.0,1.0,9.0,8.0,,,,,2.0,2.0,4.0,2.0,,,1.0,5.0,13.0,21.0,0.0,1.0,1.0,2.0,,,,,,,19.0,19.0,12.0,12.0,1.85,4.35,3.6,2017-10-01
161,Lech Poznań,Legia Warszawa,H,3,0,11,40%,60%,14.0,6.0,5.0,1.0,9.0,5.0,,,,,10.0,4.0,3.0,0.0,,,1.0,2.0,14.0,14.0,,,3.0,3.0,,,,,,,94.0,110.0,53.0,54.0,2.6,2.94,3.1,2017-10-01
160,Jagiellonia Białystok,Lech Poznań,D,1,1,12,57%,43%,14.0,10.0,8.0,6.0,6.0,4.0,,,,,6.0,4.0,0.0,5.0,,,5.0,7.0,14.0,9.0,,,1.0,2.0,,,,,,,63.0,46.0,40.0,22.0,2.73,2.73,3.1,2017-10-13
284,Korona Kielce,Wisła Płock,H,2,0,12,51%,49%,11.0,15.0,6.0,5.0,5.0,10.0,,,,,4.0,5.0,3.0,3.0,,,5.0,4.0,14.0,15.0,,,2.0,4.0,,,,,,,113.0,108.0,60.0,73.0,2.15,3.5,3.25,2017-10-13
159,Piast Gliwice,Sandecja Nowy Sącz,D,2,2,12,48%,52%,16.0,11.0,8.0,3.0,8.0,8.0,,,,,9.0,3.0,2.0,0.0,,,2.0,6.0,17.0,15.0,,,1.0,1.0,,,,,,,99.0,105.0,73.0,52.0,2.15,3.55,3.2,2017-10-14
158,Bruk-Bet T.,Arka Gdynia,D,1,1,12,48%,52%,9.0,16.0,2.0,2.0,7.0,14.0,,,,,3.0,16.0,3.0,2.0,,,1.0,1.0,21.0,18.0,,,2.0,2.0,,,,,,,79.0,82.0,44.0,64.0,2.65,2.85,3.1,2017-10-14
157,Śląsk Wrocław,Wisła Kraków,A,0,2,12,56%,44%,13.0,13.0,4.0,5.0,9.0,8.0,,,,,5.0,5.0,2.0,3.0,,,3.0,4.0,12.0,14.0,,,5.0,1.0,,,,,,,103.0,89.0,79.0,49.0,2.25,3.25,3.25,2017-10-14
156,Zagłębie Lubin,Górnik Zabrze,H,3,2,12,48%,52%,10.0,18.0,6.0,8.0,4.0,10.0,,,,,1.0,11.0,3.0,4.0,,,6.0,3.0,14.0,15.0,,,2.0,3.0,,,,,,,92.0,86.0,44.0,78.0,1.9,3.9,3.6,2017-10-15
155,Legia Warszawa,Lechia Gdańsk,H,1,0,12,43%,57%,10.0,11.0,5.0,5.0,5.0,6.0,,,,,5.0,7.0,3.0,4.0,,,5.0,4.0,15.0,15.0,,,3.0,2.0,,,,,,,87.0,121.0,39.0,93.0,1.83,4.28,3.55,2017-10-15
154,Cracovia,Pogoń Szczecin,H,3,0,12,46%,54%,13.0,18.0,6.0,5.0,7.0,13.0,,,,,7.0,3.0,1.0,5.0,,,5.0,3.0,17.0,9.0,,,1.0,1.0,,,,,,,103.0,135.0,66.0,87.0,2.6,2.76,3.1,2017-10-16
153,Górnik Zabrze,Korona Kielce,D,3,3,13,38%,62%,8.0,23.0,4.0,7.0,4.0,16.0,,,,,3.0,2.0,2.0,5.0,,,4.0,1.0,13.0,9.0,,,2.0,2.0,,,,,,,82.0,117.0,45.0,72.0,2.17,3.45,3.3,2017-10-20
283,Zagłębie Lubin,Piast Gliwice,D,2,2,13,45%,55%,13.0,13.0,4.0,3.0,9.0,10.0,,,,,6.0,5.0,0.0,0.0,,,1.0,2.0,7.0,16.0,,,1.0,0.0,,,,,,,91.0,96.0,55.0,48.0,1.63,5.8,3.75,2017-10-20
152,Sandecja Nowy Sącz,Cracovia,D,1,1,13,53%,47%,14.0,12.0,2.0,4.0,12.0,8.0,,,,,5.0,4.0,2.0,1.0,,,3.0,1.0,17.0,12.0,1.0,0.0,3.0,2.0,,,,,,,90.0,74.0,60.0,67.0,2.5,3.1,3.1,2017-10-21
151,Pogoń Szczecin,Bruk-Bet T.,A,2,3,13,51%,49%,20.0,19.0,8.0,7.0,12.0,12.0,,,,,7.0,6.0,1.0,1.0,,,4.0,6.0,8.0,10.0,,,3.0,3.0,,,,,,,110.0,117.0,74.0,67.0,1.78,4.9,3.5,2017-10-21
150,Lechia Gdańsk,Lech Poznań,D,3,3,13,39%,61%,7.0,10.0,3.0,5.0,4.0,5.0,,,,,3.0,5.0,1.0,1.0,,,2.0,0.0,9.0,17.0,1.0,1.0,0.0,4.0,,,,,,,98.0,118.0,50.0,61.0,2.78,2.7,3.1,2017-10-21
149,Arka Gdynia,Jagiellonia Białystok,H,4,1,13,29%,71%,15.0,19.0,5.0,6.0,10.0,13.0,,,,,7.0,5.0,3.0,2.0,,,5.0,1.0,23.0,6.0,,,0.0,3.0,,,,,,,58.0,94.0,43.0,74.0,2.89,2.6,3.1,2017-10-22
148,Wisła Kraków,Legia Warszawa,A,0,1,13,58%,42%,7.0,11.0,4.0,2.0,3.0,9.0,,,,,6.0,4.0,5.0,0.0,,,1.0,4.0,16.0,16.0,,,3.0,3.0,,,,,,,91.0,85.0,73.0,45.0,2.8,2.72,3.15,2017-10-22
147,Wisła Płock,Śląsk Wrocław,H,4,1,13,55%,45%,20.0,10.0,9.0,3.0,11.0,7.0,,,,,8.0,3.0,1.0,0.0,,,2.0,5.0,16.0,14.0,0.0,1.0,3.0,4.0,,,,,,,148.0,120.0,76.0,44.0,2.45,2.97,3.25,2017-10-23
282,Śląsk Wrocław,Pogoń Szczecin,H,3,0,14,43%,57%,8.0,18.0,3.0,9.0,5.0,9.0,,,,,0.0,6.0,1.0,2.0,,,9.0,0.0,14.0,12.0,0.0,1.0,2.0,2.0,,,,,,,100.0,136.0,60.0,88.0,2.32,3.25,3.2,2017-10-27
146,Lech Poznań,Wisła Kraków,D,1,1,14,62%,38%,26.0,4.0,9.0,3.0,17.0,1.0,,,,,12.0,5.0,3.0,0.0,,,2.0,8.0,7.0,15.0,,,1.0,0.0,,,,,,,148.0,96.0,121.0,31.0,1.82,4.45,3.6,2017-10-27
145,Piast Gliwice,Wisła Płock,H,2,1,14,42%,58%,16.0,9.0,5.0,2.0,11.0,7.0,,,,,4.0,4.0,1.0,0.0,,,1.0,3.0,16.0,12.0,,,2.0,3.0,,,,,,,70.0,79.0,45.0,53.0,2.55,2.87,3.2,2017-10-28
144,Cracovia,Bruk-Bet T.,D,1,1,14,46%,54%,12.0,12.0,4.0,3.0,8.0,9.0,,,,,7.0,2.0,3.0,2.0,,,2.0,3.0,10.0,21.0,,,1.0,3.0,,,,,,,93.0,96.0,62.0,50.0,2.25,3.4,3.2,2017-10-28
143,Sandecja Nowy Sącz,Górnik Zabrze,A,1,2,14,53%,47%,8.0,12.0,5.0,6.0,3.0,6.0,,,,,8.0,1.0,3.0,0.0,,,4.0,4.0,23.0,18.0,1.0,0.0,4.0,2.0,,,,,,,97.0,84.0,54.0,47.0,2.92,2.55,3.15,2017-10-28
142,Jagiellonia Białystok,Zagłębie Lubin,H,3,1,14,42%,58%,12.0,10.0,5.0,2.0,7.0,8.0,,,,,4.0,9.0,0.0,2.0,,,1.0,2.0,15.0,10.0,,,3.0,1.0,,,,,,,95.0,106.0,52.0,62.0,2.1,3.7,3.25,2017-10-29
141,Legia Warszawa,Arka Gdynia,H,2,0,14,63%,37%,14.0,11.0,5.0,3.0,9.0,8.0,,,,,7.0,7.0,1.0,5.0,,,3.0,3.0,7.0,15.0,,,2.0,0.0,,,,,,,85.0,76.0,53.0,54.0,1.55,6.4,4.0,2017-10-29
140,Lechia Gdańsk,Korona Kielce,A,0,5,14,53%,47%,10.0,8.0,1.0,7.0,9.0,1.0,,,,,8.0,5.0,5.0,2.0,,,2.0,1.0,13.0,13.0,,,2.0,0.0,,,,,,,100.0,90.0,71.0,73.0,2.0,3.7,3.4,2017-10-30
281,Korona Kielce,Śląsk Wrocław,H,3,0,15,57%,43%,15.0,5.0,7.0,2.0,8.0,3.0,,,,,9.0,2.0,2.0,2.0,,,2.0,4.0,13.0,17.0,,,1.0,0.0,,,,,,,120.0,99.0,76.0,51.0,2.22,3.35,3.3,2017-11-03
139,Arka Gdynia,Lechia Gdańsk,A,0,1,15,37%,63%,7.0,8.0,1.0,5.0,6.0,3.0,,,,,1.0,3.0,2.0,3.0,,,4.0,1.0,20.0,18.0,,,4.0,3.0,,,,,,,102.0,144.0,58.0,70.0,2.72,2.75,3.15,2017-11-03
138,Wisła Płock,Jagiellonia Białystok,A,1,2,15,50%,50%,11.0,10.0,3.0,5.0,8.0,5.0,,,,,4.0,4.0,2.0,3.0,,,3.0,2.0,16.0,15.0,,,3.0,2.0,,,,,,,96.0,93.0,62.0,47.0,2.8,2.65,3.15,2017-11-04
137,Wisła Kraków,Sandecja Nowy Sącz,H,3,0,15,57%,43%,16.0,16.0,10.0,3.0,6.0,13.0,,,,,2.0,4.0,3.0,1.0,,,4.0,7.0,18.0,13.0,,,4.0,2.0,,,,,,,91.0,85.0,49.0,67.0,1.9,4.3,3.4,2017-11-04
136,Górnik Zabrze,Lech Poznań,H,3,1,15,34%,66%,13.0,16.0,9.0,4.0,4.0,12.0,,,,,2.0,7.0,5.0,1.0,,,3.0,6.0,17.0,13.0,,,3.0,0.0,,,,,,,84.0,132.0,53.0,75.0,3.2,2.25,3.3,2017-11-04
134,Bruk-Bet T.,Piast Gliwice,H,2,1,15,55%,45%,9.0,10.0,4.0,5.0,5.0,5.0,,,,,7.0,1.0,2.0,1.0,,,4.0,2.0,25.0,16.0,,,1.0,3.0,,,,,,,114.0,111.0,71.0,50.0,2.25,3.3,3.25,2017-11-05
133,Pogoń Szczecin,Legia Warszawa,A,1,3,15,46%,54%,14.0,13.0,6.0,7.0,8.0,6.0,,,,,9.0,8.0,11.0,4.0,,,4.0,5.0,6.0,1.0,,,4.0,0.0,,,,,,,109.0,109.0,78.0,60.0,3.35,2.2,3.3,2017-11-05
135,Zagłębie Lubin,Cracovia,A,1,2,15,60%,40%,12.0,12.0,3.0,6.0,9.0,6.0,,,,,4.0,3.0,2.0,1.0,,,4.0,2.0,13.0,14.0,,,1.0,1.0,,,,,,,157.0,114.0,79.0,58.0,1.75,4.9,3.6,2017-11-05
132,Wisła Kraków,Pogoń Szczecin,H,1,0,16,61%,39%,15.0,10.0,4.0,3.0,11.0,7.0,,,,,11.0,5.0,3.0,2.0,,,3.0,3.0,11.0,13.0,0.0,1.0,2.0,2.0,,,,,,,109.0,94.0,64.0,49.0,2.25,3.35,3.25,2017-11-17
280,Jagiellonia Białystok,Bruk-Bet T.,D,0,0,16,59%,41%,14.0,11.0,2.0,1.0,12.0,10.0,,,,,5.0,5.0,2.0,0.0,,,1.0,2.0,12.0,10.0,,,0.0,2.0,,,,,,,154.0,134.0,83.0,58.0,1.7,5.1,3.75,2017-11-17
129,Lechia Gdańsk,Wisła Płock,H,3,0,16,52%,48%,11.0,6.0,6.0,1.0,5.0,5.0,,,,,6.0,5.0,1.0,1.0,,,1.0,3.0,19.0,15.0,0.0,1.0,1.0,3.0,,,,,,,0.0,0.0,0.0,0.0,1.92,4.15,3.4,2017-11-18
130,Sandecja Nowy Sącz,Lech Poznań,D,0,0,16,32%,68%,7.0,8.0,1.0,1.0,6.0,7.0,,,,,2.0,10.0,1.0,2.0,,,1.0,1.0,20.0,15.0,,,4.0,1.0,,,,,,,72.0,114.0,33.0,56.0,5.3,1.75,3.4,2017-11-18
131,Piast Gliwice,Cracovia,H,1,0,16,46%,54%,11.0,13.0,5.0,4.0,6.0,9.0,,,,,0.0,6.0,2.0,2.0,,,4.0,4.0,12.0,13.0,,,1.0,0.0,,,,,,,,,,,2.35,3.15,3.25,2017-11-18
127,Legia Warszawa,Górnik Zabrze,H,1,0,16,66%,34%,17.0,8.0,8.0,3.0,9.0,5.0,,,,,14.0,8.0,1.0,6.0,,,3.0,7.0,12.0,15.0,,,1.0,3.0,,,,,,,99.0,83.0,75.0,51.0,1.75,4.55,3.73,2017-11-19
128,Śląsk Wrocław,Arka Gdynia,A,1,2,16,60%,40%,19.0,9.0,7.0,4.0,12.0,5.0,,,,,8.0,6.0,7.0,1.0,,,2.0,6.0,13.0,23.0,1.0,0.0,4.0,2.0,,,,,,,97.0,70.0,79.0,42.0,2.3,3.25,3.2,2017-11-19
126,Zagłębie Lubin,Korona Kielce,D,0,0,16,37%,63%,5.0,8.0,1.0,3.0,4.0,5.0,,,,,5.0,4.0,3.0,3.0,,,3.0,1.0,22.0,15.0,1.0,0.0,5.0,0.0,,,,,,,,,,,2.3,3.0,3.3,2017-11-20
279,Cracovia,Lechia Gdańsk,H,2,1,17,48%,52%,15.0,11.0,9.0,6.0,6.0,5.0,,,,,6.0,5.0,0.0,2.0,,,5.0,7.0,14.0,23.0,0.0,1.0,4.0,5.0,,,,,,,78.0,105.0,53.0,43.0,3.05,2.5,3.1,2017-11-24
125,Górnik Zabrze,Jagiellonia Białystok,H,3,1,17,59%,41%,15.0,9.0,6.0,4.0,9.0,5.0,,,,,4.0,0.0,4.0,2.0,,,3.0,3.0,12.0,16.0,,,0.0,1.0,,,,,,,112.0,104.0,85.0,65.0,2.35,3.25,3.15,2017-11-24
122,Korona Kielce,Legia Warszawa,H,3,2,17,50%,50%,12.0,10.0,8.0,4.0,4.0,6.0,,,,,6.0,5.0,3.0,4.0,,,2.0,5.0,16.0,12.0,,,2.0,1.0,,,,,,,40.0,50.0,32.0,41.0,3.25,2.25,3.27,2017-11-25
123,Arka Gdynia,Sandecja Nowy Sącz,H,5,0,17,60%,40%,13.0,12.0,9.0,3.0,4.0,9.0,,,,,3.0,4.0,0.0,3.0,,,3.0,4.0,22.0,10.0,,,,,,,,,,,109.0,106.0,55.0,59.0,2.02,3.9,3.25,2017-11-25
124,Pogoń Szczecin,Piast Gliwice,D,2,2,17,57%,43%,15.0,4.0,7.0,2.0,8.0,2.0,,,,,3.0,1.0,5.0,1.0,,,0.0,5.0,18.0,9.0,,,2.0,1.0,,,,,,,127.0,111.0,77.0,43.0,1.8,4.75,3.5,2017-11-25
120,Śląsk Wrocław,Zagłębie Lubin,H,1,0,17,47%,53%,12.0,13.0,4.0,2.0,8.0,11.0,,,,,3.0,7.0,1.0,2.0,,,2.0,3.0,19.0,19.0,,,1.0,3.0,,,,,,,79.0,94.0,40.0,74.0,2.92,2.55,3.15,2017-11-26
121,Lech Poznań,Wisła Płock,H,2,1,17,51%,49%,7.0,5.0,5.0,2.0,2.0,3.0,,,,,4.0,4.0,2.0,3.0,,,1.0,3.0,21.0,20.0,,,1.0,2.0,,,,,,,138.0,105.0,70.0,72.0,1.58,6.15,3.8,2017-11-26
119,Bruk-Bet T.,Wisła Kraków,D,3,3,17,58%,42%,17.0,6.0,6.0,5.0,11.0,1.0,,,,,5.0,4.0,0.0,2.0,,,2.0,3.0,11.0,8.0,,,2.0,1.0,,,,,,,94.0,100.0,61.0,36.0,3.1,2.45,3.1,2017-11-27
278,Jagiellonia Białystok,Pogoń Szczecin,H,1,0,18,29%,71%,7.0,17.0,4.0,6.0,3.0,11.0,,,,,7.0,1.0,4.0,4.0,,,6.0,3.0,16.0,12.0,,,1.0,3.0,,,,,,,119.0,173.0,50.0,92.0,2.02,3.85,3.4,2017-12-01
118,Lechia Gdańsk,Śląsk Wrocław,H,3,1,18,54%,46%,8.0,11.0,5.0,4.0,3.0,7.0,,,,,2.0,4.0,2.0,4.0,,,3.0,2.0,16.0,20.0,,,1.0,1.0,,,,,,,112.0,90.0,59.0,53.0,2.12,3.55,3.4,2017-12-01
117,Wisła Płock,Arka Gdynia,H,2,0,18,51%,49%,21.0,11.0,13.0,7.0,8.0,4.0,,,,,6.0,6.0,1.0,2.0,,,7.0,11.0,17.0,20.0,,,3.0,3.0,,,,,,,102.0,100.0,63.0,52.0,2.4,3.2,3.1,2017-12-02
116,Zagłębie Lubin,Bruk-Bet T.,H,4,2,18,55%,45%,24.0,12.0,13.0,4.0,11.0,8.0,,,,,5.0,2.0,3.0,0.0,,,2.0,9.0,8.0,15.0,,,0.0,1.0,,,,,,,117.0,90.0,111.0,69.0,1.85,4.9,3.25,2017-12-02
115,Sandecja Nowy Sącz,Legia Warszawa,D,2,2,18,31%,69%,8.0,15.0,3.0,4.0,5.0,11.0,,,,,2.0,5.0,3.0,1.0,,,2.0,1.0,19.0,18.0,0.0,1.0,2.0,3.0,,,,,,,92.0,115.0,42.0,70.0,5.2,1.75,3.45,2017-12-02
114,Piast Gliwice,Lech Poznań,D,0,0,18,43%,57%,3.0,9.0,1.0,3.0,2.0,6.0,,,,,1.0,6.0,1.0,2.0,,,4.0,1.0,16.0,14.0,,,2.0,1.0,,,,,,,97.0,115.0,49.0,85.0,4.05,1.97,3.25,2017-12-03
113,Wisła Kraków,Górnik Zabrze,A,2,3,18,50%,50%,10.0,23.0,3.0,7.0,7.0,16.0,,,,,5.0,5.0,1.0,3.0,,,4.0,1.0,21.0,13.0,1.0,0.0,6.0,3.0,,,,,,,108.0,96.0,54.0,66.0,2.35,3.1,3.3,2017-12-03
112,Cracovia,Korona Kielce,D,2,2,18,42%,58%,8.0,15.0,5.0,5.0,3.0,10.0,,,,,3.0,5.0,5.0,1.0,,,3.0,3.0,10.0,19.0,,,2.0,5.0,,,,,,,85.0,117.0,40.0,58.0,3.1,2.37,3.15,2017-12-04
111,Górnik Zabrze,Lechia Gdańsk,D,1,1,19,46%,54%,12.0,11.0,2.0,2.0,10.0,9.0,,,,,12.0,5.0,2.0,2.0,,,1.0,1.0,17.0,20.0,,,1.0,1.0,,,,,,,94.0,104.0,73.0,55.0,2.2,3.3,3.25,2017-12-08
277,Sandecja Nowy Sącz,Jagiellonia Białystok,A,0,1,19,42%,58%,7.0,17.0,3.0,4.0,4.0,13.0,,,,,0.0,9.0,2.0,1.0,,,3.0,3.0,11.0,15.0,,,2.0,4.0,,,,,,,121.0,137.0,62.0,94.0,3.15,2.36,3.2,2017-12-08
109,Korona Kielce,Arka Gdynia,A,0,3,19,61%,39%,26.0,13.0,10.0,10.0,16.0,3.0,,,,,12.0,7.0,2.0,4.0,,,7.0,10.0,12.0,16.0,,,1.0,1.0,,,,,,,97.0,82.0,82.0,53.0,1.8,4.65,3.4,2017-12-09
110,Śląsk Wrocław,Piast Gliwice,D,2,2,19,48%,52%,11.0,14.0,5.0,4.0,6.0,10.0,,,,,4.0,3.0,2.0,1.0,,,2.0,3.0,17.0,16.0,,,1.0,2.0,,,,,,,79.0,81.0,37.0,41.0,1.8,4.6,3.45,2017-12-09
108,Legia Warszawa,Bruk-Bet T.,H,3,0,19,56%,44%,15.0,12.0,6.0,4.0,9.0,8.0,,,,,6.0,7.0,1.0,0.0,,,4.0,3.0,12.0,11.0,,,0.0,2.0,,,,,,,110.0,94.0,55.0,46.0,1.47,7.15,4.25,2017-12-09
105,Lech Poznań,Cracovia,H,1,0,19,55%,45%,21.0,6.0,6.0,1.0,15.0,5.0,,,,,10.0,4.0,1.0,1.0,,,1.0,5.0,15.0,22.0,,,2.0,2.0,,,,,,,129.0,96.0,95.0,47.0,1.57,6.5,3.75,2017-12-10
107,Wisła Kraków,Wisła Płock,A,0,1,19,58%,42%,6.0,18.0,1.0,9.0,5.0,9.0,,,,,4.0,9.0,2.0,0.0,,,8.0,1.0,17.0,13.0,1.0,0.0,3.0,1.0,,,,,,,165.0,111.0,66.0,59.0,2.0,3.85,3.3,2017-12-10
106,Pogoń Szczecin,Zagłębie Lubin,D,3,3,19,57%,43%,16.0,12.0,7.0,6.0,9.0,6.0,,,,,6.0,2.0,1.0,1.0,,,3.0,4.0,14.0,16.0,,,2.0,2.0,,,,,,,90.0,80.0,74.0,45.0,2.18,3.15,3.2,2017-12-10
102,Arka Gdynia,Górnik Zabrze,H,1,0,20,56%,44%,16.0,12.0,3.0,3.0,13.0,9.0,,,20.0,0.0,5.0,3.0,3.0,3.0,29.0,19.0,3.0,2.0,19.0,17.0,,,1.0,3.0,,,,,,,43.0,41.0,34.0,30.0,2.55,2.7,3.2,2017-12-12
103,Bruk-Bet T.,Śląsk Wrocław,H,2,1,20,57%,43%,12.0,9.0,9.0,4.0,3.0,5.0,,,17.0,16.0,9.0,3.0,0.0,3.0,0.0,23.0,3.0,7.0,16.0,14.0,,,4.0,4.0,,,,,,,106.0,106.0,68.0,60.0,2.42,2.9,3.2,2017-12-12
276,Piast Gliwice,Legia Warszawa,A,0,1,20,36%,64%,8.0,10.0,2.0,5.0,6.0,5.0,,,,,4.0,1.0,0.0,3.0,,,4.0,2.0,11.0,11.0,1.0,0.0,0.0,4.0,,,,,,,106.0,123.0,51.0,67.0,4.15,1.82,3.6,2017-12-12
104,Jagiellonia Białystok,Korona Kielce,H,5,1,20,53%,47%,15.0,12.0,10.0,2.0,5.0,10.0,,,,,3.0,3.0,1.0,0.0,,,1.0,5.0,18.0,23.0,,,2.0,3.0,,,,,,,153.0,163.0,90.0,113.0,2.07,3.55,3.25,2017-12-12
98,Cracovia,Wisła Kraków,A,1,4,20,50%,50%,13.0,10.0,5.0,7.0,8.0,3.0,,,12.0,5.0,7.0,6.0,1.0,3.0,24.0,15.0,3.0,4.0,11.0,19.0,,,2.0,3.0,,,,,,,41.0,41.0,26.0,21.0,2.5,2.85,3.15,2017-12-13
99,Wisła Płock,Sandecja Nowy Sącz,D,2,2,20,58%,42%,12.0,13.0,3.0,4.0,9.0,9.0,,,18.0,18.0,7.0,3.0,0.0,1.0,28.0,31.0,2.0,1.0,19.0,16.0,,,2.0,2.0,,,,,,,125.0,115.0,62.0,55.0,1.76,4.75,3.45,2017-12-13
100,Lechia Gdańsk,Pogoń Szczecin,A,1,3,20,55%,45%,3.0,11.0,2.0,5.0,1.0,6.0,,,,,5.0,1.0,5.0,3.0,,,2.0,1.0,19.0,21.0,,,0.0,2.0,,,,,,,60.0,37.0,40.0,26.0,2.01,3.6,3.35,2017-12-13
101,Zagłębie Lubin,Lech Poznań,D,0,0,20,48%,52%,8.0,14.0,3.0,3.0,5.0,11.0,,,,,6.0,3.0,2.0,0.0,,,3.0,3.0,20.0,16.0,0.0,1.0,2.0,4.0,,,,,,,138.0,126.0,82.0,65.0,2.75,2.55,3.15,2017-12-13
275,Korona Kielce,Piast Gliwice,D,1,1,21,50%,50%,13.0,11.0,5.0,4.0,8.0,7.0,,,,,7.0,5.0,2.0,2.0,,,3.0,4.0,18.0,12.0,,,1.0,2.0,,,,,,,118.0,123.0,71.0,56.0,1.81,4.5,3.6,2017-12-15
97,Śląsk Wrocław,Jagiellonia Białystok,H,1,0,21,49%,51%,12.0,10.0,5.0,1.0,7.0,9.0,,,,,3.0,10.0,3.0,0.0,,,1.0,4.0,15.0,14.0,,,3.0,1.0,,,,,,,110.0,110.0,57.0,52.0,3.35,2.3,3.15,2017-12-15
95,Sandecja Nowy Sącz,Lechia Gdańsk,D,2,2,21,41%,59%,9.0,13.0,3.0,5.0,6.0,8.0,,,,,5.0,7.0,2.0,2.0,,,3.0,1.0,19.0,19.0,,,3.0,1.0,,,,,,,92.0,115.0,50.0,72.0,3.45,2.2,3.25,2017-12-16
96,Pogoń Szczecin,Arka Gdynia,H,1,0,21,62%,38%,13.0,6.0,4.0,1.0,9.0,5.0,,,,,6.0,4.0,2.0,2.0,,,1.0,3.0,15.0,29.0,,,2.0,5.0,,,,,,,99.0,76.0,59.0,35.0,1.96,4.35,3.2,2017-12-16
94,Legia Warszawa,Wisła Płock,A,0,2,21,58%,42%,19.0,5.0,7.0,2.0,12.0,3.0,,,,,5.0,3.0,0.0,4.0,,,1.0,7.0,14.0,16.0,,,1.0,4.0,,,,,,,118.0,99.0,76.0,42.0,1.65,5.8,3.65,2017-12-16
92,Wisła Kraków,Zagłębie Lubin,A,1,2,21,50%,50%,15.0,19.0,8.0,9.0,7.0,10.0,,,,,8.0,6.0,0.0,2.0,,,7.0,7.0,13.0,10.0,,,1.0,0.0,,,,,,,103.0,102.0,75.0,68.0,2.32,3.2,3.2,2017-12-17
93,Lech Poznań,Bruk-Bet T.,H,3,1,21,51%,49%,23.0,7.0,10.0,4.0,13.0,3.0,,,,,7.0,6.0,1.0,1.0,,,3.0,7.0,9.0,14.0,,,1.0,4.0,,,,,,,87.0,84.0,68.0,40.0,1.52,6.6,4.1,2017-12-17
91,Górnik Zabrze,Cracovia,A,0,4,21,54%,46%,17.0,11.0,3.0,6.0,14.0,5.0,,,,,4.0,2.0,0.0,1.0,,,2.0,7.0,20.0,17.0,1.0,0.0,3.0,3.0,,,,,,,99.0,86.0,90.0,59.0,1.71,4.7,3.7,2017-12-18
90,Zagłębie Lubin,Legia Warszawa,A,2,3,22,49%,51%,11.0,7.0,4.0,5.0,7.0,2.0,,,,,2.0,9.0,6.0,1.0,,,2.0,2.0,12.0,18.0,,,4.0,3.0,,,,,,,67.0,76.0,31.0,36.0,3.2,2.35,3.2,2018-02-09
274,Wisła Płock,Górnik Zabrze,H,4,2,22,50%,50%,17.0,7.0,9.0,4.0,8.0,3.0,,,,,6.0,1.0,2.0,2.0,,,2.0,5.0,19.0,16.0,,,1.0,2.0,,,,,,,55.0,49.0,35.0,18.0,2.44,2.85,3.3,2018-02-09
87,Lechia Gdańsk,Wisła Kraków,D,1,1,22,44%,56%,9.0,7.0,4.0,1.0,5.0,6.0,,,,,6.0,7.0,6.0,1.0,,,0.0,3.0,17.0,15.0,,,,,,,,,,,81.0,93.0,55.0,52.0,2.15,3.55,3.25,2018-02-10
88,Cracovia,Śląsk Wrocław,H,2,1,22,59%,41%,16.0,8.0,8.0,3.0,8.0,5.0,,,,,6.0,4.0,3.0,1.0,,,2.0,6.0,16.0,16.0,,,2.0,2.0,,,,,,,87.0,73.0,60.0,61.0,2.2,3.45,3.25,2018-02-10
89,Pogoń Szczecin,Sandecja Nowy Sącz,H,4,1,22,56%,44%,16.0,10.0,8.0,3.0,8.0,7.0,,,,,2.0,4.0,2.0,2.0,,,2.0,4.0,12.0,15.0,,,1.0,1.0,,,,,,,106.0,79.0,61.0,34.0,1.62,5.9,3.75,2018-02-10
86,Bruk-Bet T.,Korona Kielce,A,0,3,22,51%,49%,8.0,12.0,4.0,6.0,4.0,6.0,,,,,4.0,5.0,0.0,2.0,,,3.0,4.0,14.0,15.0,,,2.0,2.0,,,,,,,59.0,60.0,60.0,70.0,2.68,2.6,3.15,2018-02-11
85,Arka Gdynia,Lech Poznań,D,0,0,22,40%,60%,8.0,7.0,3.0,2.0,5.0,5.0,,,,,7.0,3.0,0.0,1.0,,,2.0,3.0,19.0,10.0,,,1.0,1.0,,,,,,,55.0,67.0,53.0,79.0,4.05,2.05,3.15,2018-02-11
84,Piast Gliwice,Jagiellonia Białystok,A,0,2,22,53%,47%,8.0,11.0,1.0,6.0,7.0,5.0,,,,,4.0,3.0,1.0,2.0,,,4.0,1.0,8.0,8.0,,,1.0,0.0,,,,,,,66.0,66.0,96.0,74.0,3.05,2.4,3.15,2018-02-12
83,Legia Warszawa,Śląsk Wrocław,H,4,1,23,65%,35%,9.0,10.0,5.0,5.0,4.0,5.0,,,,,3.0,4.0,1.0,7.0,,,4.0,1.0,15.0,10.0,,,1.0,1.0,,,,,,,57.0,49.0,27.0,30.0,1.4,8.0,4.3,2018-02-16
273,Sandecja Nowy Sącz,Korona Kielce,D,3,3,23,48%,52%,11.0,14.0,4.0,6.0,7.0,8.0,,,,,5.0,9.0,3.0,3.0,,,3.0,1.0,21.0,18.0,,,3.0,1.0,,,,,,,94.0,129.0,49.0,77.0,3.6,2.05,3.4,2018-02-16
82,Wisła Płock,Zagłębie Lubin,H,2,0,23,41%,59%,12.0,6.0,5.0,2.0,7.0,4.0,,,,,5.0,5.0,0.0,3.0,,,2.0,3.0,13.0,17.0,,,0.0,1.0,,,,,,,77.0,97.0,54.0,57.0,2.22,3.35,3.25,2018-02-17
81,Jagiellonia Białystok,Cracovia,H,1,0,23,54%,46%,16.0,4.0,6.0,1.0,10.0,3.0,,,,,5.0,3.0,2.0,2.0,,,1.0,5.0,14.0,14.0,,,3.0,2.0,,,,,,,87.0,95.0,74.0,46.0,1.7,5.0,3.65,2018-02-17
80,Wisła Kraków,Arka Gdynia,H,3,2,23,56%,44%,22.0,12.0,5.0,7.0,17.0,5.0,,,,,4.0,6.0,1.0,3.0,,,5.0,2.0,9.0,21.0,,,1.0,3.0,,,,,,,103.0,76.0,78.0,57.0,2.12,3.65,3.25,2018-02-17
79,Lechia Gdańsk,Piast Gliwice,A,0,2,23,54%,46%,7.0,9.0,3.0,7.0,4.0,2.0,,,,,2.0,1.0,1.0,3.0,,,5.0,3.0,20.0,10.0,,,2.0,2.0,,,,,,,99.0,88.0,50.0,58.0,1.72,4.95,3.65,2018-02-18
78,Lech Poznań,Pogoń Szczecin,H,2,0,23,48%,52%,11.0,10.0,6.0,1.0,5.0,9.0,,,,,7.0,6.0,3.0,5.0,,,1.0,4.0,14.0,19.0,,,2.0,4.0,,,,,,,80.0,77.0,51.0,38.0,1.77,4.65,3.4,2018-02-18
77,Górnik Zabrze,Bruk-Bet T.,H,3,0,23,45%,55%,13.0,12.0,6.0,3.0,7.0,9.0,,,,,3.0,5.0,4.0,1.0,,,3.0,3.0,14.0,13.0,,,2.0,3.0,,,,,,,110.0,109.0,69.0,63.0,1.77,4.35,3.7,2018-02-19
76,Jagiellonia Białystok,Lechia Gdańsk,H,4,1,24,51%,49%,18.0,5.0,7.0,2.0,11.0,3.0,,,,,6.0,4.0,1.0,3.0,,,1.0,3.0,11.0,18.0,,,1.0,3.0,,,,,,,119.0,122.0,66.0,47.0,1.95,4.1,3.25,2018-02-23
272,Zagłębie Lubin,Arka Gdynia,D,0,0,24,60%,40%,11.0,3.0,3.0,1.0,8.0,2.0,,,,,3.0,1.0,3.0,1.0,,,1.0,3.0,12.0,22.0,,,2.0,4.0,,,,,,,154.0,87.0,100.0,63.0,2.0,4.1,3.25,2018-02-23
75,Bruk-Bet T.,Sandecja Nowy Sącz,H,1,0,24,55%,45%,4.0,5.0,4.0,5.0,0.0,0.0,,,,,5.0,4.0,2.0,5.0,,,5.0,3.0,14.0,11.0,,,0.0,1.0,,,,,,,128.0,105.0,93.0,50.0,1.96,4.0,3.3,2018-02-24
74,Pogoń Szczecin,Wisła Płock,H,2,1,24,53%,47%,10.0,6.0,3.0,1.0,7.0,5.0,,,,,2.0,6.0,2.0,0.0,,,1.0,1.0,19.0,22.0,,,3.0,3.0,,,,,,,117.0,121.0,44.0,53.0,2.02,3.65,3.4,2018-02-24
73,Cracovia,Legia Warszawa,D,0,0,24,43%,57%,12.0,7.0,3.0,2.0,9.0,5.0,,,,,4.0,3.0,0.0,0.0,,,2.0,3.0,15.0,18.0,,,1.0,3.0,,,,,,,108.0,102.0,66.0,63.0,4.35,1.85,3.4,2018-02-24
72,Śląsk Wrocław,Górnik Zabrze,D,1,1,24,52%,48%,3.0,14.0,1.0,9.0,2.0,5.0,,,,,0.0,11.0,4.0,1.0,,,8.0,0.0,17.0,21.0,,,4.0,0.0,,,,,,,98.0,114.0,35.0,99.0,2.45,2.8,3.35,2018-02-25
71,Piast Gliwice,Wisła Kraków,D,0,0,24,42%,58%,6.0,5.0,5.0,1.0,1.0,4.0,,,,,3.0,2.0,7.0,1.0,,,1.0,5.0,13.0,18.0,0.0,1.0,0.0,1.0,,,,,,,102.0,108.0,54.0,49.0,2.58,2.75,3.2,2018-02-25
70,Korona Kielce,Lech Poznań,H,1,0,24,43%,57%,10.0,5.0,4.0,3.0,6.0,2.0,,,,,9.0,4.0,0.0,0.0,,,3.0,4.0,29.0,15.0,,,2.0,1.0,,,,,,,84.0,117.0,70.0,85.0,2.96,2.4,3.2,2018-02-25
69,Lechia Gdańsk,Bruk-Bet T.,D,2,2,25,58%,42%,10.0,12.0,5.0,4.0,5.0,8.0,,,,,6.0,6.0,4.0,2.0,,,2.0,3.0,9.0,16.0,,,1.0,2.0,,,,,,,122.0,83.0,74.0,64.0,1.85,4.25,3.4,2018-02-27
67,Legia Warszawa,Jagiellonia Białystok,A,0,2,25,35%,65%,6.0,23.0,1.0,11.0,5.0,12.0,,,,,5.0,6.0,2.0,6.0,,,9.0,1.0,11.0,11.0,2.0,0.0,2.0,0.0,,,,,,,84.0,125.0,45.0,94.0,1.92,4.0,3.35,2018-02-27
68,Sandecja Nowy Sącz,Zagłębie Lubin,A,0,1,25,53%,47%,11.0,8.0,6.0,5.0,5.0,3.0,,,,,2.0,6.0,1.0,2.0,,,4.0,6.0,21.0,20.0,1.0,0.0,3.0,1.0,,,,,,,113.0,105.0,54.0,61.0,3.45,2.17,3.2,2018-02-27
271,Wisła Płock,Cracovia,A,0,1,25,54%,46%,13.0,7.0,2.0,2.0,11.0,5.0,,,,,6.0,1.0,1.0,6.0,,,1.0,2.0,24.0,15.0,,,3.0,3.0,,,,,,,123.0,121.0,68.0,58.0,1.85,4.35,3.35,2018-02-27
63,Arka Gdynia,Piast Gliwice,D,0,0,25,57%,43%,8.0,11.0,1.0,5.0,7.0,6.0,,,22.0,15.0,4.0,2.0,2.0,1.0,44.0,29.0,5.0,1.0,14.0,20.0,,,3.0,3.0,,,,,,,97.0,86.0,76.0,60.0,2.16,3.35,3.25,2018-02-28
64,Lech Poznań,Śląsk Wrocław,H,2,1,25,57%,43%,16.0,10.0,8.0,5.0,8.0,5.0,,,17.0,21.0,8.0,3.0,1.0,2.0,23.0,0.0,4.0,6.0,18.0,15.0,,,3.0,1.0,,,,,,,111.0,82.0,69.0,42.0,1.48,7.2,4.15,2018-02-28
66,Wisła Kraków,Korona Kielce,D,1,1,25,64%,36%,16.0,8.0,6.0,3.0,10.0,5.0,,,,,9.0,2.0,3.0,6.0,,,2.0,5.0,21.0,19.0,0.0,1.0,2.0,3.0,,,,,,,155.0,128.0,80.0,39.0,2.55,2.72,3.25,2018-02-28
65,Górnik Zabrze,Pogoń Szczecin,D,0,0,25,44%,56%,10.0,30.0,2.0,8.0,8.0,22.0,,,,,1.0,10.0,1.0,2.0,,,8.0,2.0,20.0,17.0,,,2.0,4.0,,,,,,,126.0,108.0,70.0,91.0,2.2,3.2,3.3,2018-02-28
270,Bruk-Bet T.,Wisła Płock,A,1,2,26,50%,50%,4.0,4.0,3.0,1.0,1.0,3.0,,,,,2.0,4.0,0.0,0.0,,,1.0,2.0,9.0,8.0,,,2.0,3.0,,,,,,,105.0,103.0,46.0,61.0,2.66,2.65,3.1,2018-03-02
62,Zagłębie Lubin,Lechia Gdańsk,D,0,0,26,51%,49%,9.0,7.0,2.0,1.0,7.0,6.0,,,,,6.0,3.0,3.0,2.0,,,1.0,2.0,9.0,10.0,,,3.0,1.0,,,,,,,85.0,92.0,55.0,55.0,2.05,3.75,3.25,2018-03-02
59,Piast Gliwice,Górnik Zabrze,A,0,3,26,50%,50%,8.0,8.0,2.0,2.0,6.0,6.0,,,,,6.0,4.0,2.0,2.0,,,2.0,2.0,15.0,13.0,,,1.0,2.0,,,,,,,88.0,79.0,62.0,51.0,2.52,2.8,3.2,2018-03-03
60,Korona Kielce,Pogoń Szczecin,D,0,0,26,52%,48%,9.0,6.0,3.0,4.0,6.0,2.0,,,,,7.0,2.0,3.0,3.0,,,4.0,3.0,23.0,16.0,,,4.0,2.0,,,,,,,121.0,118.0,51.0,32.0,2.27,3.1,3.2,2018-03-03
61,Śląsk Wrocław,Sandecja Nowy Sącz,D,0,0,26,50%,50%,11.0,11.0,3.0,2.0,8.0,9.0,,,,,5.0,5.0,3.0,2.0,,,2.0,3.0,22.0,21.0,,,4.0,6.0,,,,,,,102.0,97.0,69.0,56.0,1.87,4.2,3.5,2018-03-03
57,Legia Warszawa,Lech Poznań,H,2,1,26,58%,42%,12.0,12.0,5.0,7.0,7.0,5.0,,,,,3.0,8.0,1.0,6.0,,,6.0,3.0,19.0,18.0,,,4.0,2.0,,,,,,,106.0,110.0,48.0,64.0,2.2,3.4,3.2,2018-03-04
58,Cracovia,Arka Gdynia,H,2,1,26,50%,50%,11.0,7.0,6.0,4.0,5.0,3.0,,,,,8.0,7.0,1.0,2.0,,,3.0,4.0,10.0,20.0,,,1.0,1.0,,,,,,,93.0,90.0,56.0,44.0,2.22,3.3,3.2,2018-03-04
56,Jagiellonia Białystok,Wisła Kraków,H,2,0,26,53%,47%,8.0,6.0,3.0,2.0,5.0,4.0,,,,,9.0,2.0,0.0,1.0,,,2.0,1.0,14.0,14.0,,,3.0,2.0,,,,,,,157.0,179.0,86.0,74.0,1.67,5.1,3.65,2018-03-05
55,Wisła Kraków,Śląsk Wrocław,H,3,1,27,59%,41%,10.0,11.0,6.0,8.0,4.0,3.0,,,,,5.0,9.0,2.0,4.0,,,7.0,3.0,14.0,17.0,,,3.0,2.0,,,,,,,99.0,125.0,52.0,73.0,1.8,4.65,3.47,2018-03-09
269,Górnik Zabrze,Zagłębie Lubin,D,2,2,27,43%,57%,10.0,8.0,3.0,2.0,7.0,6.0,,,,,5.0,2.0,3.0,1.0,,,0.0,1.0,17.0,15.0,0.0,1.0,0.0,4.0,,,,,,,68.0,87.0,62.0,84.0,2.2,3.45,3.25,2018-03-09
53,Pogoń Szczecin,Cracovia,A,0,3,27,76%,24%,11.0,11.0,4.0,7.0,7.0,4.0,,,,,12.0,3.0,0.0,1.0,,,4.0,4.0,22.0,17.0,,,4.0,2.0,,,,,,,95.0,66.0,67.0,36.0,1.77,4.8,3.5,2018-03-10
54,Sandecja Nowy Sącz,Piast Gliwice,A,0,3,27,49%,51%,5.0,10.0,2.0,4.0,3.0,6.0,,,,,7.0,1.0,1.0,1.0,,,1.0,2.0,19.0,14.0,1.0,0.0,7.0,4.0,,,,,,,106.0,108.0,48.0,40.0,3.15,2.3,3.2,2018-03-10
52,Wisła Płock,Korona Kielce,H,2,0,27,42%,58%,8.0,15.0,4.0,1.0,4.0,14.0,,,,,4.0,4.0,0.0,2.0,,,1.0,2.0,15.0,14.0,,,4.0,0.0,,,,,,,99.0,125.0,52.0,73.0,2.15,3.3,3.25,2018-03-10
50,Lechia Gdańsk,Legia Warszawa,A,1,3,27,48%,52%,13.0,15.0,6.0,9.0,7.0,6.0,,,,,4.0,8.0,4.0,3.0,,,6.0,5.0,16.0,15.0,,,3.0,3.0,,,,,,,89.0,74.0,58.0,43.0,3.1,2.32,3.0,2018-03-11
51,Lech Poznań,Jagiellonia Białystok,H,5,1,27,46%,54%,24.0,10.0,10.0,3.0,14.0,7.0,,,,,11.0,3.0,4.0,0.0,,,2.0,5.0,10.0,14.0,,,1.0,3.0,,,,,,,71.0,72.0,75.0,45.0,2.22,3.25,3.22,2018-03-11
49,Arka Gdynia,Bruk-Bet T.,H,4,0,27,46%,54%,14.0,17.0,9.0,3.0,5.0,14.0,,,,,6.0,2.0,2.0,5.0,,,3.0,5.0,11.0,15.0,,,2.0,2.0,,,,,,,123.0,94.0,93.0,60.0,2.02,3.85,3.25,2018-03-12
268,Piast Gliwice,Zagłębie Lubin,D,0,0,28,,,,,,,,,,,,,,,,,,,,,,,,,,,,,,,,,,,,,2.35,3.05,3.15,2018-03-16
48,Lech Poznań,Lechia Gdańsk,H,3,0,28,49%,51%,8.0,4.0,7.0,3.0,1.0,1.0,,,,,3.0,3.0,1.0,3.0,,,3.0,4.0,13.0,16.0,,,2.0,4.0,,,,,,,124.0,115.0,54.0,46.0,1.5,7.0,4.0,2018-03-16
45,Korona Kielce,Górnik Zabrze,D,2,2,28,35%,65%,5.0,12.0,3.0,4.0,2.0,8.0,,,,,2.0,5.0,2.0,6.0,,,2.0,1.0,19.0,12.0,1.0,0.0,5.0,2.0,,,,,,,80.0,104.0,31.0,75.0,2.05,3.5,3.3,2018-03-17
47,Bruk-Bet T.,Pogoń Szczecin,A,2,4,28,44%,56%,11.0,10.0,7.0,8.0,4.0,2.0,,,,,3.0,7.0,0.0,2.0,,,4.0,5.0,17.0,10.0,,,2.0,3.0,,,,,,,116.0,111.0,56.0,75.0,3.1,2.32,3.2,2018-03-17
46,Jagiellonia Białystok,Arka Gdynia,H,3,2,28,55%,45%,23.0,6.0,10.0,2.0,13.0,4.0,,,,,9.0,2.0,2.0,0.0,,,1.0,7.0,9.0,18.0,,,3.0,2.0,,,,,,,119.0,83.0,78.0,36.0,1.62,5.4,3.75,2018-03-17
42,Legia Warszawa,Wisła Kraków,A,0,2,28,56%,44%,11.0,7.0,7.0,3.0,4.0,4.0,,,,,8.0,2.0,2.0,3.0,,,1.0,7.0,5.0,8.0,,,3.0,3.0,,,,,,,104.0,87.0,92.0,48.0,1.75,4.4,3.7,2018-03-18
43,Cracovia,Sandecja Nowy Sącz,H,2,1,28,53%,47%,12.0,6.0,7.0,1.0,5.0,5.0,,,,,3.0,4.0,3.0,0.0,,,0.0,5.0,13.0,24.0,,,2.0,4.0,,,,,,,115.0,89.0,54.0,35.0,1.58,6.0,3.8,2018-03-18
44,Śląsk Wrocław,Wisła Płock,D,1,1,28,44%,56%,4.0,8.0,2.0,4.0,2.0,4.0,,,,,5.0,2.0,0.0,1.0,,,3.0,1.0,17.0,17.0,,,1.0,1.0,,,,,,,97.0,90.0,56.0,53.0,2.65,2.72,3.15,2018-03-18
267,Górnik Zabrze,Sandecja Nowy Sącz,D,2,2,29,62%,38%,19.0,12.0,9.0,6.0,10.0,6.0,,,,,9.0,3.0,1.0,1.0,,,4.0,7.0,17.0,13.0,,,1.0,1.0,,,,,,,75.0,51.0,63.0,25.0,1.6,5.7,3.7,2018-03-31
39,Arka Gdynia,Legia Warszawa,H,1,0,29,44%,56%,12.0,4.0,5.0,1.0,7.0,3.0,,,,,6.0,4.0,2.0,3.0,,,1.0,4.0,24.0,16.0,,,5.0,2.0,,,,,,,84.0,95.0,62.0,46.0,3.25,2.26,3.2,2018-03-31
40,Korona Kielce,Lechia Gdańsk,H,1,0,29,57%,43%,9.0,5.0,6.0,1.0,3.0,4.0,,,,,3.0,9.0,4.0,3.0,,,1.0,5.0,11.0,15.0,,,3.0,3.0,,,,,,,51.0,50.0,43.0,41.0,1.95,3.85,3.35,2018-03-31
41,Bruk-Bet T.,Cracovia,H,2,0,29,66%,34%,7.0,4.0,4.0,1.0,3.0,3.0,,,,,4.0,3.0,2.0,0.0,,,1.0,2.0,17.0,11.0,,,1.0,1.0,,,,,,,102.0,102.0,62.0,62.0,2.9,2.45,3.25,2018-03-31
37,Wisła Płock,Piast Gliwice,H,1,0,29,54%,46%,11.0,6.0,5.0,4.0,6.0,2.0,,,,,8.0,7.0,2.0,1.0,0.0,3.0,4.0,4.0,17.0,15.0,,,0.0,1.0,,,,,,,152.0,178.0,104.0,84.0,2.12,3.4,3.25,2018-04-02
38,Zagłębie Lubin,Jagiellonia Białystok,H,1,0,29,41%,59%,9.0,11.0,4.0,5.0,5.0,6.0,,,,,6.0,8.0,5.0,1.0,,,5.0,3.0,14.0,12.0,,,0.0,1.0,,,,,,,103.0,109.0,63.0,67.0,2.72,2.6,3.1,2018-04-02
35,Pogoń Szczecin,Śląsk Wrocław,H,3,2,29,51%,49%,12.0,9.0,7.0,3.0,5.0,6.0,,,,,4.0,4.0,1.0,2.0,,,1.0,4.0,19.0,16.0,,,3.0,3.0,,,,,,,152.0,127.0,74.0,59.0,1.85,4.25,3.4,2018-04-02
36,Wisła Kraków,Lech Poznań,A,1,3,29,46%,54%,5.0,11.0,4.0,7.0,1.0,4.0,,,,,1.0,6.0,1.0,1.0,,,4.0,3.0,15.0,14.0,,,3.0,3.0,,,,,,,99.0,83.0,45.0,49.0,2.6,2.8,3.1,2018-04-02
266,Śląsk Wrocław,Korona Kielce,D,1,1,30,41%,59%,5.0,4.0,3.0,2.0,2.0,2.0,,,14.0,13.0,2.0,6.0,2.0,1.0,13.0,23.0,1.0,2.0,11.0,13.0,,,1.0,2.0,,,,,,,66.0,86.0,33.0,47.0,2.35,2.98,3.3,2018-04-07
28,Cracovia,Zagłębie Lubin,D,2,2,30,47%,53%,12.0,11.0,7.0,7.0,5.0,4.0,,,20.0,14.0,3.0,5.0,0.0,2.0,23.0,32.0,5.0,5.0,11.0,17.0,,,2.0,6.0,,,,,,,81.0,99.0,46.0,42.0,2.7,2.7,3.1,2018-04-07
29,Jagiellonia Białystok,Wisła Płock,A,1,3,30,55%,45%,12.0,11.0,3.0,7.0,9.0,4.0,,,12.0,13.0,2.0,3.0,0.0,1.0,33.0,27.0,4.0,2.0,13.0,14.0,,,5.0,4.0,,,,,,,131.0,88.0,84.0,37.0,1.77,4.6,3.55,2018-04-07
30,Lech Poznań,Górnik Zabrze,H,3,1,30,56%,44%,13.0,6.0,7.0,3.0,6.0,3.0,,,21.0,13.0,8.0,1.0,3.0,1.0,36.0,29.0,2.0,4.0,10.0,20.0,,,1.0,1.0,,,,,,,124.0,101.0,81.0,46.0,1.42,7.0,4.6,2018-04-07
31,Lechia Gdańsk,Arka Gdynia,H,4,2,30,44%,56%,9.0,9.0,6.0,5.0,3.0,4.0,,,16.0,22.0,6.0,5.0,4.0,1.0,35.0,34.0,3.0,2.0,18.0,15.0,,,2.0,1.0,,,,,,,92.0,102.0,66.0,53.0,2.25,3.2,3.25,2018-04-07
32,Legia Warszawa,Pogoń Szczecin,H,3,0,30,58%,42%,7.0,5.0,4.0,4.0,3.0,1.0,,,27.0,18.0,4.0,3.0,6.0,8.0,25.0,30.0,4.0,1.0,12.0,19.0,,,1.0,0.0,,,,,,,125.0,92.0,65.0,53.0,1.75,4.65,3.6,2018-04-07
33,Piast Gliwice,Bruk-Bet T.,D,1,1,30,53%,47%,7.0,8.0,4.0,3.0,3.0,5.0,,,18.0,15.0,4.0,2.0,0.0,0.0,24.0,20.0,2.0,3.0,14.0,18.0,,,1.0,1.0,,,,,,,101.0,105.0,68.0,64.0,1.92,4.1,3.35,2018-04-07
34,Sandecja Nowy Sącz,Wisła Kraków,D,0,0,30,44%,56%,7.0,4.0,4.0,2.0,3.0,2.0,,,26.0,12.0,4.0,11.0,1.0,1.0,19.0,35.0,2.0,4.0,11.0,25.0,,,1.0,3.0,,,,,,,69.0,75.0,38.0,75.0,3.9,1.95,3.4,2018-04-07
264,Lech Poznań,Korona Kielce,A,0,1,31,59%,41%,13.0,6.0,6.0,3.0,7.0,3.0,,,,,4.0,1.0,0.0,3.0,,,2.0,6.0,13.0,25.0,,,3.0,4.0,,,,,,,110.0,91.0,69.0,28.0,1.47,7.2,4.2,2018-04-13
265,Arka Gdynia,Lechia Gdańsk,A,1,2,31,53%,47%,14.0,6.0,7.0,5.0,7.0,1.0,,,,,7.0,3.0,1.0,3.0,,,3.0,6.0,18.0,13.0,,,5.0,6.0,,,,,,,111.0,92.0,95.0,53.0,2.65,2.8,3.05,2018-04-13
27,Legia Warszawa,Zagłębie Lubin,A,0,1,31,55%,45%,14.0,13.0,4.0,8.0,10.0,5.0,,,,,5.0,10.0,3.0,3.0,,,7.0,4.0,13.0,14.0,,,1.0,2.0,,,,,,,90.0,74.0,74.0,56.0,1.5,7.2,3.9,2018-04-14
263,Cracovia,Piast Gliwice,H,2,1,31,43%,57%,11.0,7.0,5.0,3.0,6.0,4.0,,,,,7.0,6.0,2.0,1.0,,,2.0,3.0,11.0,18.0,,,1.0,2.0,,,,,,,95.0,86.0,62.0,64.0,2.42,3.0,3.2,2018-04-14
262,Jagiellonia Białystok,Górnik Zabrze,A,1,2,31,48%,52%,8.0,7.0,2.0,5.0,6.0,2.0,,,,,1.0,3.0,0.0,5.0,,,3.0,1.0,12.0,17.0,,,2.0,1.0,,,,,,,85.0,79.0,49.0,46.0,1.68,5.0,3.8,2018-04-14
261,Pogoń Szczecin,Bruk-Bet T.,H,2,0,31,58%,42%,19.0,8.0,10.0,2.0,9.0,6.0,,,,,10.0,6.0,2.0,1.0,,,2.0,8.0,12.0,9.0,,,0.0,1.0,,,,,,,76.0,66.0,48.0,30.0,1.68,4.95,3.75,2018-04-15
26,Śląsk Wrocław,Sandecja Nowy Sącz,H,1,0,31,56%,44%,9.0,6.0,4.0,2.0,5.0,4.0,,,,,6.0,5.0,1.0,1.0,,,2.0,3.0,16.0,12.0,1.0,0.0,3.0,3.0,,,,,,,98.0,100.0,63.0,62.0,1.87,4.0,3.5,2018-04-15
260,Wisła Płock,Wisła Kraków,D,2,2,31,42%,58%,7.0,8.0,5.0,7.0,2.0,1.0,,,,,3.0,2.0,7.0,2.0,,,5.0,3.0,16.0,12.0,,,2.0,4.0,,,,,,,158.0,173.0,92.0,89.0,2.05,3.65,3.3,2018-04-16
259,Bruk-Bet T.,Śląsk Wrocław,A,1,2,32,45%,55%,14.0,8.0,5.0,6.0,9.0,2.0,,,,,9.0,4.0,1.0,2.0,17.0,27.0,4.0,4.0,17.0,15.0,1.0,0.0,2.0,3.0,,,,,,,83.0,106.0,60.0,67.0,2.16,3.455,3.375,2018-04-20
258,Zagłębie Lubin,Lech Poznań,A,0,1,32,71%,29%,14.0,12.0,0.0,4.0,14.0,8.0,,,,,2.0,1.0,1.0,0.0,,,3.0,0.0,13.0,18.0,,,5.0,5.0,,,,,,,116.0,84.0,65.0,51.0,3.5,2.075,3.275,2018-04-20
25,Korona Kielce,Jagiellonia Białystok,A,0,3,32,68%,32%,10.0,10.0,4.0,7.0,6.0,3.0,,,,,3.0,2.0,2.0,1.0,,,4.0,4.0,14.0,17.0,,,3.0,3.0,,,,,,,98.0,87.0,83.0,36.0,2.81,2.535,3.225,2018-04-21
257,Piast Gliwice,Pogoń Szczecin,D,0,0,32,48%,52%,5.0,11.0,1.0,4.0,4.0,7.0,,,,,4.0,4.0,2.0,1.0,,,4.0,1.0,7.0,19.0,,,1.0,2.0,,,,,,,110.0,113.0,52.0,41.0,2.535,2.79,3.175,2018-04-21
256,Górnik Zabrze,Wisła Płock,A,0,1,32,48%,52%,9.0,9.0,4.0,4.0,5.0,5.0,,,,,5.0,6.0,3.0,1.0,,,3.0,4.0,17.0,15.0,,,3.0,2.0,,,,,,,94.0,66.0,62.0,47.0,2.675,2.625,3.3,2018-04-21
255,Sandecja Nowy Sącz,Arka Gdynia,H,3,1,32,50%,50%,10.0,10.0,3.0,1.0,7.0,9.0,,,,,5.0,3.0,2.0,1.0,,,0.0,2.0,14.0,12.0,,,4.0,3.0,,,,,,,74.0,82.0,36.0,37.0,2.675,2.785,3.05,2018-04-22
254,Wisła Kraków,Legia Warszawa,A,0,1,32,49%,51%,5.0,11.0,2.0,3.0,3.0,8.0,,,,,3.0,4.0,2.0,6.0,,,2.0,2.0,18.0,13.0,0.0,1.0,3.0,4.0,,,,,,,95.0,102.0,47.0,79.0,3.025,2.36,3.25,2018-04-22
253,Lechia Gdańsk,Cracovia,D,0,0,32,59%,41%,6.0,12.0,1.0,3.0,5.0,9.0,,,,,8.0,5.0,4.0,0.0,,,3.0,1.0,20.0,7.0,,,3.0,2.0,,,,,,,46.0,40.0,35.0,32.0,2.1,3.55,3.25,2018-04-23
252,Arka Gdynia,Piast Gliwice,A,1,5,33,53%,47%,9.0,11.0,3.0,9.0,6.0,2.0,,,,,7.0,7.0,0.0,2.0,,,4.0,2.0,12.0,14.0,1.0,0.0,1.0,2.0,,,,,,,88.0,79.0,62.0,48.0,2.7,2.7,3.1,2018-04-27
251,Legia Warszawa,Korona Kielce,H,3,1,33,66%,34%,7.0,6.0,6.0,5.0,1.0,1.0,,,,,3.0,3.0,2.0,7.0,,,4.0,3.0,15.0,23.0,0.0,1.0,1.0,2.0,,,,,,,,,,,1.53,6.5,4.1,2018-04-27
250,Pogoń Szczecin,Sandecja Nowy Sącz,H,2,0,33,55%,45%,19.0,8.0,6.0,2.0,13.0,6.0,,,,,9.0,2.0,3.0,1.0,,,2.0,4.0,15.0,17.0,,,2.0,1.0,,,,,,,105.0,78.0,96.0,53.0,1.58,5.7,3.9,2018-04-28
249,Lech Poznań,Górnik Zabrze,A,2,4,33,70%,30%,18.0,15.0,7.0,9.0,11.0,6.0,,,,,9.0,2.0,1.0,0.0,,,5.0,5.0,11.0,17.0,,,3.0,4.0,,,,,,,104.0,76.0,76.0,37.0,1.42,7.0,4.6,2018-04-28
24,Wisła Płock,Zagłębie Lubin,A,1,2,33,54%,46%,12.0,9.0,5.0,3.0,7.0,6.0,,,,,5.0,9.0,1.0,3.0,,,1.0,4.0,15.0,17.0,,,1.0,0.0,,,,,,,142.0,149.0,80.0,77.0,2.0,3.75,3.35,2018-04-28
248,Cracovia,Bruk-Bet T.,H,4,2,33,51%,49%,13.0,9.0,7.0,3.0,6.0,6.0,,,,,1.0,4.0,0.0,0.0,,,1.0,3.0,11.0,21.0,0.0,1.0,3.0,4.0,,,,,,,77.0,86.0,48.0,52.0,2.11,3.45,3.35,2018-04-29
247,Jagiellonia Białystok,Wisła Kraków,A,0,1,33,52%,48%,18.0,8.0,4.0,3.0,14.0,5.0,,,,,14.0,5.0,2.0,3.0,,,2.0,4.0,10.0,10.0,,,2.0,4.0,,,,,,,52.0,56.0,91.0,56.0,1.65,5.2,3.75,2018-04-29
246,Śląsk Wrocław,Lechia Gdańsk,H,3,1,33,31%,69%,10.0,10.0,5.0,3.0,5.0,7.0,,,,,2.0,4.0,2.0,1.0,,,2.0,2.0,18.0,13.0,,,4.0,4.0,,,,,,,97.0,128.0,50.0,88.0,2.57,2.82,3.15,2018-04-30
245,Cracovia,Śląsk Wrocław,D,3,3,34,43%,57%,16.0,10.0,6.0,5.0,10.0,5.0,,,,,4.0,5.0,0.0,1.0,,,2.0,3.0,11.0,10.0,,,1.0,2.0,,,,,,,105.0,95.0,62.0,51.0,2.2,3.3,3.2,2018-05-04
23,Lechia Gdańsk,Bruk-Bet T.,A,0,1,34,53%,47%,6.0,10.0,1.0,4.0,5.0,6.0,,,,,7.0,6.0,2.0,2.0,,,3.0,1.0,16.0,16.0,,,2.0,2.0,,,,,,,135.0,127.0,85.0,63.0,1.76,4.45,3.7,2018-05-04
21,Pogoń Szczecin,Arka Gdynia,H,3,2,34,49%,51%,16.0,9.0,7.0,4.0,9.0,5.0,,,,,3.0,5.0,2.0,1.0,,,2.0,4.0,15.0,19.0,0.0,1.0,2.0,6.0,,,,,,,102.0,86.0,58.0,41.0,1.62,5.2,3.85,2018-05-05
244,Wisła Płock,Lech Poznań,D,0,0,34,47%,53%,3.0,13.0,2.0,4.0,1.0,9.0,,,,,3.0,5.0,1.0,1.0,,,4.0,2.0,17.0,16.0,,,3.0,2.0,,,,,,,92.0,95.0,44.0,63.0,3.1,2.22,3.3,2018-05-05
22,Sandecja Nowy Sącz,Piast Gliwice,H,2,1,34,55%,45%,12.0,10.0,3.0,3.0,9.0,7.0,,,,,2.0,4.0,1.0,2.0,,,2.0,1.0,20.0,15.0,,,0.0,3.0,,,,,,,97.0,70.0,70.0,55.0,3.3,2.2,3.25,2018-05-05
20,Zagłębie Lubin,Górnik Zabrze,A,0,2,34,66%,34%,15.0,12.0,3.0,4.0,12.0,8.0,,,,,11.0,0.0,1.0,0.0,,,2.0,3.0,21.0,11.0,,,2.0,1.0,,,,,,,107.0,96.0,75.0,43.0,2.37,2.9,3.25,2018-05-06
19,Korona Kielce,Wisła Kraków,A,0,3,34,63%,37%,14.0,8.0,2.0,4.0,12.0,4.0,,,,,11.0,2.0,4.0,1.0,,,1.0,2.0,12.0,16.0,,,3.0,4.0,,,,,,,114.0,73.0,111.0,37.0,2.26,3.2,3.25,2018-05-06
18,Jagiellonia Białystok,Legia Warszawa,D,0,0,34,61%,39%,13.0,1.0,1.0,0.0,12.0,1.0,,,,,5.0,2.0,4.0,5.0,,,1.0,1.0,13.0,11.0,,,1.0,3.0,,,,,,,129.0,101.0,79.0,40.0,2.76,2.57,3.2,2018-05-06
16,Śląsk Wrocław,Pogoń Szczecin,H,2,0,35,50%,50%,12.0,9.0,5.0,2.0,7.0,7.0,,,,,6.0,2.0,5.0,2.0,,,2.0,3.0,17.0,12.0,0.0,1.0,3.0,2.0,,,,,,,111.0,125.0,64.0,68.0,2.97,2.36,3.3,2018-05-08
17,Bruk-Bet T.,Sandecja Nowy Sącz,D,1,1,35,44%,56%,12.0,11.0,4.0,2.0,8.0,9.0,,,,,6.0,8.0,0.0,1.0,,,1.0,3.0,15.0,15.0,,,3.0,3.0,,,,,,,86.0,96.0,68.0,71.0,2.1,3.35,3.4,2018-05-08
15,Arka Gdynia,Cracovia,H,2,0,35,52%,48%,12.0,12.0,5.0,4.0,7.0,8.0,,,,,6.0,2.0,0.0,1.0,,,4.0,3.0,26.0,20.0,,,2.0,4.0,,,,,,,107.0,88.0,67.0,56.0,2.76,2.5,3.2,2018-05-08
243,Piast Gliwice,Lechia Gdańsk,A,0,2,35,60%,40%,16.0,5.0,4.0,4.0,12.0,1.0,,,,,11.0,1.0,2.0,1.0,,,2.0,4.0,15.0,13.0,,,1.0,2.0,,,,,,,103.0,104.0,114.0,83.0,2.2,3.15,3.2,2018-05-08
14,Górnik Zabrze,Korona Kielce,D,2,2,35,51%,49%,17.0,9.0,4.0,2.0,13.0,7.0,,,,,10.0,6.0,2.0,2.0,,,0.0,2.0,8.0,22.0,,,2.0,3.0,,,,,,,82.0,73.0,72.0,50.0,1.9,3.7,3.6,2018-05-09
13,Wisła Kraków,Zagłębie Lubin,H,3,0,35,34%,66%,12.0,12.0,6.0,2.0,6.0,10.0,,,,,2.0,12.0,1.0,2.0,,,2.0,3.0,13.0,12.0,,,3.0,3.0,,,,,,,80.0,141.0,40.0,85.0,1.95,3.75,3.4,2018-05-09
12,Lech Poznań,Jagiellonia Białystok,A,0,2,35,63%,37%,13.0,7.0,2.0,2.0,11.0,5.0,,,,,2.0,2.0,1.0,3.0,,,0.0,2.0,16.0,19.0,,,1.0,2.0,,,,,,,117.0,98.0,71.0,37.0,1.86,4.15,3.5,2018-05-09
242,Legia Warszawa,Wisła Płock,H,3,2,35,41%,59%,11.0,11.0,5.0,7.0,6.0,4.0,,,,,2.0,5.0,0.0,1.0,,,5.0,2.0,15.0,14.0,1.0,0.0,3.0,4.0,,,,,,,71.0,90.0,30.0,58.0,1.62,5.5,3.6,2018-05-09
9,Bruk-Bet T.,Arka Gdynia,H,2,1,36,45%,55%,14.0,16.0,6.0,6.0,8.0,10.0,,,,,3.0,5.0,2.0,2.0,,,5.0,4.0,13.0,6.0,,,,,,,,,,,94.0,124.0,49.0,72.0,1.72,4.4,3.85,2018-05-12
11,Sandecja Nowy Sącz,Cracovia,A,0,1,36,55%,45%,13.0,13.0,5.0,3.0,8.0,10.0,,,,,9.0,6.0,1.0,0.0,,,2.0,5.0,17.0,8.0,,,3.0,0.0,,,,,,,80.0,60.0,60.0,52.0,2.25,3.2,3.15,2018-05-12
10,Pogoń Szczecin,Lechia Gdańsk,D,1,1,36,52%,48%,12.0,10.0,3.0,7.0,9.0,3.0,,,,,3.0,4.0,0.0,1.0,,,6.0,2.0,19.0,9.0,,,4.0,4.0,,,,,,,90.0,94.0,54.0,59.0,2.2,3.05,3.4,2018-05-12
241,Śląsk Wrocław,Piast Gliwice,H,3,1,36,42%,58%,10.0,22.0,3.0,4.0,7.0,18.0,,,,,4.0,6.0,1.0,2.0,,,3.0,0.0,10.0,8.0,,,0.0,1.0,,,,,,,65.0,89.0,25.0,66.0,2.6,2.62,3.3,2018-05-12
240,Zagłębie Lubin,Jagiellonia Białystok,A,1,2,36,54%,46%,12.0,12.0,5.0,4.0,7.0,8.0,,,,,4.0,5.0,1.0,0.0,,,3.0,4.0,12.0,14.0,,,3.0,3.0,,,,,,,117.0,115.0,61.0,65.0,4.0,1.87,3.5,2018-05-13
8,Wisła Płock,Korona Kielce,H,4,1,36,50%,50%,14.0,6.0,8.0,4.0,6.0,2.0,,,,,6.0,3.0,2.0,2.0,,,3.0,4.0,18.0,10.0,0.0,1.0,2.0,3.0,,,,,,,87.0,91.0,65.0,61.0,1.8,4.55,3.4,2018-05-13
7,Wisła Kraków,Lech Poznań,D,1,1,36,62%,38%,9.0,9.0,2.0,4.0,7.0,5.0,,,,,6.0,4.0,1.0,2.0,,,3.0,1.0,17.0,14.0,,,2.0,4.0,,,,,,,95.0,75.0,56.0,46.0,2.96,2.3,3.3,2018-05-13
6,Legia Warszawa,Górnik Zabrze,H,2,0,36,58%,42%,10.0,13.0,6.0,4.0,4.0,9.0,,,,,8.0,4.0,4.0,4.0,,,4.0,4.0,16.0,13.0,1.0,0.0,4.0,2.0,,,,,,,44.0,50.0,71.0,56.0,1.72,4.4,3.9,2018-05-13
239,Piast Gliwice,Bruk-Bet T.,H,4,0,37,44%,56%,15.0,13.0,7.0,6.0,8.0,7.0,,,,,1.0,8.0,3.0,1.0,,,6.0,3.0,17.0,13.0,,,3.0,0.0,,,,,,,125.0,149.0,86.0,101.0,1.97,3.85,3.3,2018-05-19
5,Lechia Gdańsk,Sandecja Nowy Sącz,D,1,1,37,53%,47%,18.0,14.0,10.0,2.0,8.0,12.0,,,,,5.0,6.0,1.0,0.0,,,2.0,9.0,15.0,23.0,,,2.0,3.0,,,,,,,93.0,82.0,78.0,51.0,1.65,5.1,3.75,2018-05-19
4,Cracovia,Pogoń Szczecin,A,1,4,37,54%,46%,14.0,17.0,4.0,9.0,10.0,8.0,,,,,9.0,2.0,2.0,3.0,,,5.0,3.0,16.0,23.0,,,2.0,4.0,,,,,,,121.0,125.0,88.0,77.0,1.95,3.55,3.5,2018-05-19
3,Arka Gdynia,Śląsk Wrocław,A,0,1,37,64%,36%,14.0,9.0,4.0,2.0,10.0,7.0,,,,,6.0,3.0,4.0,2.0,,,1.0,4.0,14.0,17.0,,,2.0,4.0,,,,,,,133.0,86.0,86.0,42.0,2.16,3.45,3.2,2018-05-19
238,Lech Poznań,Legia Warszawa,A,0,3,37,63%,37%,8.0,5.0,2.0,4.0,6.0,1.0,,,,,15.0,4.0,0.0,4.0,,,4.0,2.0,11.0,11.0,,,2.0,0.0,,,,,,,47.0,40.0,32.0,20.0,2.6,2.72,3.15,2018-05-20
2,Korona Kielce,Zagłębie Lubin,A,0,2,37,41%,59%,6.0,17.0,3.0,6.0,3.0,11.0,,,,,3.0,6.0,0.0,2.0,,,4.0,3.0,15.0,16.0,,,3.0,1.0,,,,,,,144.0,206.0,64.0,122.0,2.36,2.95,3.2,2018-05-20
1,Jagiellonia Białystok,Wisła Płock,H,2,1,37,52%,48%,12.0,14.0,5.0,4.0,7.0,10.0,,,,,4.0,4.0,2.0,6.0,,,3.0,3.0,18.0,17.0,0.0,1.0,2.0,7.0,,,,,,,91.0,86.0,55.0,56.0,1.72,4.55,3.8,2018-05-20
0,Górnik Zabrze,Wisła Kraków,H,2,0,37,43%,57%,8.0,9.0,3.0,4.0,5.0,5.0,,,,,4.0,8.0,3.0,1.0,,,4.0,1.0,13.0,17.0,,,4.0,4.0,,,,,,,66.0,63.0,43.0,35.0,2.3,3.1,3.25,2018-05-20
